rID,repo_name,full_repo_name,url,criteria,sa_doc,sa_doc_link,domain,cap_1,ISO_C1,cap_2,ISO_C2,cap_3,ISO_C3,layer_caps,project_type,search_term,stars,desc.,lang,last_commit,commits_2024,total_commits,collaborators,template,fork,forks,size,score,archived,disabled,Notes
R002,magistrala,absmach/magistrala,https://github.com/absmach/magistrala,I2,YES,https://magistrala.absmach.eu/docs/user-guide/architecture,"IIot, Iot, Orchestration",Multi-Protocol IoT Communication Broker,Data Capabilities,"Identity, Authentication & Authorization Management",Supporting Capabilities,Scalable Microservices IoT Platform,Supporting Capabilities,Continuum,Platform,edge iot,24.0,Industrial IoT Messaging and Device Management Platform,Go,2025-01-20T10:43:07Z,336.0,1.761,69.0,False,False,8.0,145756.0,1.0,False,False,
R003,supermq,absmach/supermq,https://github.com/absmach/supermq,I2,YES,https://docs.supermq.absmach.eu/architecture,"IIot, Iot, Orchestration",Multi-Protocol IoT Messaging Broker,Data Capabilities,Identity & Access Management for IoT,Supporting Capabilities,Scalable Microservices Architecture for IoT,Supporting Capabilities,Continuum,Platform,edge iot,2489.0,Event-driven Infrastructure for Modern Cloud,Go,2025-01-20T08:22:15Z,373.0,1.811,70.0,False,False,672.0,147242.0,1.0,False,False,
R007,aXeleRate,AIWintermuteAI/aXeleRate,https://github.com/AIWintermuteAI/aXeleRate,I1,NO,,"Video Analytics, Smart Things",Model Training & Auto-Conversion,Data Capabilities,Multi-Format Hardware Optimization,Supporting Capabilities,Configurable Workflow & Versioning,Supporting Capabilities,device ↔ fog,Framework,edge ai,180.0,Keras-based framework for AI on the Edge,Python,2024-03-05T09:24:49Z,3.0,265,5.0,False,False,71.0,9870.0,1.0,False,False,
R009,zilla,aklivity/zilla,https://github.com/aklivity/zilla,I2,YES,https://docs.aklivity.io/zilla/latest/concepts/what-is-zilla.html#who-zilla-is-for,IoT,Event-Driven API Gateway for IoT/Edge,Interface Capability,Multi-Protocol Event Streaming Integration,Data Capabilities,Low-Latency Edge Data Proxying,Data Capabilities,Continuum,Platform,edge-iot,563.0,"🦎 A multi-protocol edge & service proxy. Seamlessly interface web apps, IoT clients, & microservices to Apache Kafka® via declaratively defined, stateless APIs.",Java,2025-01-12T23:14:21Z,682.0,2.184,18.0,False,False,55.0,30050.0,1.0,False,False,
R013,heartkit,AmbiqAI/heartkit,https://github.com/AmbiqAI/heartkit,I1,YES,https://ambiqai.github.io/heartkit/,IoMT - (Healthcare),On-Device Biomedical Signal Inference,Data Capabilities,Low-Power AI Optimization,Supporting Capabilities,Health Data Preprocessing & Model Lifecycle,Data Capabilities,device ↔ fog,Full System,tinyml,21.0,Perform AI-based heart monitoring tasks,Jupyter Notebook,2024-10-10T21:46:36Z,43.0,195,1.0,False,False,7.0,39767.0,1.0,False,False,
R015,sleepkit,AmbiqAI/sleepkit,https://github.com/AmbiqAI/sleepkit,I1,YES,https://github.com/AmbiqAI/sleepkit/blob/main/docs/index.md,IoMT - (Healthcare),On-Device Sleep Stage Inference,Data Capabilities,Low-Power TinyML Optimization,Supporting Capabilities,End-to-End ML Pipeline for Biomedical IoT,Data Capabilities ,device ↔ fog,SDK,tinyml,11.0,Perform AI-based sleep monitoring,Jupyter Notebook,2024-10-02T18:08:39Z,29.0,58,1.0,False,False,2.0,31770.0,1.0,False,False,
R016,ai8x-synthesis,analogdevicesinc/ai8x-synthesis,https://github.com/analogdevicesinc/ai8x-synthesis,I1,YES,https://github.com/analogdevicesinc/MaximAI_Documentation,Smart Things,Model Quantization & Synthesis,Data Capabilities,Edge Hardware Optimization,Supporting Capabilities,Toolchain Integration & Automation,Supporting Capabilities,device ↔ fog,Framework,edge ai,59.0,Quantization and Synthesis (Device Specific Code Generation) for ADI's MAX78000 and MAX78002 Edge AI Devices,Python,2024-12-06T14:24:53Z,35.0,305,14.0,False,False,60.0,677035.0,1.0,False,False,
R017,ai8x-training,analogdevicesinc/ai8x-training,https://github.com/analogdevicesinc/ai8x-training,I1,YES,https://github.com/analogdevicesinc/MaximAI_Documentation,Smart Things,Model Training & Preparation,Data Capabilities,Hardware-Aware Model Constraint Handling,Data Capabilities,AutoML / Training Workflow Integration,Supporting Capabilities,device ↔ fog,Framework,edge ai,95.0,Model Training for ADI's MAX78000 and MAX78002 Edge AI Devices,Jupyter Notebook,2025-01-14T00:04:03Z,45.0,243,13.0,False,False,91.0,231469.0,1.0,False,False,
R022,aws-iot-fleetwise-edge,aws/aws-iot-fleetwise-edge,https://github.com/aws/aws-iot-fleetwise-edge,I2,YES,https://github.com/aws/aws-iot-fleetwise-edge?tab=readme-ov-file#aws-iot-fleetwise-architecture,IoV,Intelligent Data Collection & Remote Commands,Data Capabilities,Store-and-Forward with Edge Buffering,Data Capabilities,Secure MQTT Communication,Data Capabilities,Edge ↔ fog,Platform,edge-iot,63.0,Reference Implementation for AWS IoT FleetWise,C++,2025-01-15T14:50:35Z,25.0,92,15.0,False,False,45.0,5039.0,1.0,False,False,
R023,dem,axem-solutions/dem,https://github.com/axem-solutions/dem,I2,YES,https://github.com/axem-solutions/dem/blob/main/docs/design.md,IoT,Declarative DevEnv Orchestration,Supporting Capabilities,Template & Registry Integration,Supporting Capabilities,Portable Containerized Tooling,Supporting Capabilities,Edge ↔ fog,Subsystem,edge iot,101.0,Containerized Development Environment Manager for embedded development,Python,2025-01-17T17:02:10Z,69.0,495,9.0,False,False,15.0,7597.0,1.0,False,False,
R024,azure-iot-edge-identity-translation-lite,Azure-Samples/azure-iot-edge-identity-translation-lite,https://github.com/Azure-Samples/azure-iot-edge-identity-translation-lite,I2,YES,https://github.com/Azure/arc_jumpstart_docs,IoT,Identity Translation Gateway,Data Capabilities,Protocol Translation,Data Capabilities,Dynamic Device Provisioning (Cloud),Supporting Capabilities,Continuum,Platform,edge-iot,22.0,Azure IoT Edge Identity Translation Module sample.,C#,2024-04-22T07:26:46Z,1.0,74,12.0,False,False,22.0,769.0,1.0,False,False,
R025,edge-aio-in-a-box,Azure-Samples/edge-aio-in-a-box,https://github.com/Azure-Samples/edge-aio-in-a-box,I1,Partially,https://github.com/Azure-Samples/edge-aio-in-a-box/tree/main?tab=readme-ov-file#architecture,IoT,Automated Azure Edge Provisioning,Supporting Capabilities,Edge AI Model Lifecycle Management,Supporting Capabilities,Interactive Edge Testing & Inference,Data Capabilities,Continuum,Framework,edge-ai,13.0,Azure IoT Operations with Edge AI in-a-Box,Jupyter Notebook,2024-11-12T20:03:08Z,150.0,150,3.0,False,False,4.0,26771.0,1.0,False,False,
R029,azure-iotedge,Azure/azure-iotedge,https://github.com/Azure/azure-iotedge,I2,YES,https://learn.microsoft.com/pt-br/azure/iot-edge/,IoT,Edge Module Orchestration & Runtime Management,Supporting Capabilities,Local Communication & Store-and-Forward Routing,Data Capabilities,Cloud-Native AI & Stream Processing at Edge ,Data Capabilities,device ↔ fog,Platform,edge-iot,170.0,The Azure IoT Edge product,PowerShell,2024-11-13T19:42:52Z,57.0,219,18.0,False,False,43.0,212.0,1.0,False,False,
R031,iotedge,Azure/iotedge,https://github.com/Azure/iotedge,I2,YES,https://learn.microsoft.com/pt-br/azure/iot-edge/iot-edge-runtime,IoT,Containerized Workload Orchestration,Supporting Capabilities,Local Secure Communication & Store-and-Forward,Data Capabilities,Cloud-Integrated Device Management,Supporting Capabilities,Continuum,Full System,edge-iot,1472.0,The IoT Edge OSS project,C#,2025-01-17T01:04:54Z,135.0,4.241,92.0,False,False,462.0,43348.0,1.0,False,False,
R032,iotedge-eflow,Azure/iotedge-eflow,https://github.com/Azure/iotedge-eflow,I2,YES,https://learn.microsoft.com/pt-br/azure/iot-edge/iot-edge-for-linux-on-windows,IoT,Cross-Platform Edge Runtime Hosting,Supporting Capabilities,Containerized Workload Execution & Management,Supporting Capabilities,Cloud-Integrated Device Orchestration,Supporting Capabilities,Continuum,Platform,edge-iot,51.0,Azure IoT Edge for Linux on Windows,PowerShell,2024-11-26T21:13:54Z,1.0,505,8.0,False,False,29.0,54935.0,1.0,False,False,
R033,iotedge-lorawan-starterkit,Azure/iotedge-lorawan-starterkit,https://github.com/Azure/iotedge-lorawan-starterkit,I2,YES,https://azure.github.io/iotedge-lorawan-starterkit/2.2.1/user-guide/architecture/?h=archi,"IoT, Smart Environments",Protocol Translation Gateway,Data Capabilities,Edge Network Server for LoRaWAN,Data Capabilities,Cloud-Integrated Device & Data Management,Supporting Capabilities,Continuum,Framework,edge-iot,185.0,Sample implementation of LoRaWAN components to connect LoRaWAN antenna gateway running IoT Edge directly with Azure IoT.,C#,2024-05-30T13:04:45Z,0.0,1.074,34.0,False,False,63.0,35444.0,1.0,False,False,
R035,KAN,Azure/KAN,https://github.com/Azure/KAN,I1,YES,https://github.com/Azure/KAN?tab=readme-ov-file#how-it-works,Smart Things,Standard-Based Extensibility and Platform Agnosticism,Interface Capability,ML Deployment and Management,Supporting Capabilities,Cross-Domain Deployment Flexibility,Supporting Capabilities,Continuum,Platform,edge ai,77.0,"KubeAI Application Nucleus for edge is a solution accelerator for creating, deploying, and operating environment-aware solutions at scale that use artificial intelligence (AI) at the edge with the control and flexibility of open-source natively on your environment. ",TypeScript,2024-05-15T08:00:06Z,80.0,165,8.0,False,False,22.0,67854.0,1.0,False,False,
R037,baetyl,baetyl/baetyl,https://github.com/baetyl/baetyl,I1,YES,https://baetyl.readthedocs.io/en/1.0.0/overview/Design.html,IoT,Edge-Cloud Declarative Orchestration,Supporting Capabilities,Modular Edge Runtime & OTA Management,Supporting Capabilities,Lightweight Messaging Middleware,Interface Capability,Continuum,Framework,edge iot,1879.0,"Extend cloud computing, data and service seamlessly to edge devices.",Go,2024-05-11T06:12:43Z,0.0,1.259,26.0,False,False,323.0,106376.0,1.0,False,False,
R040,Olares,beclab/Olares,https://github.com/beclab/Olares,I1,YES,https://docs.olares.xyz/manual/system-architecture.html,"Smart Home, Security, Orchestration",Local-First AI Application Hosting,Data Capabilities,Decentralized AI Application Marketplace,Supporting Capabilities,Edge Application Orchestration & Management,Supporting Capabilities,device ↔ fog,Framework,edge-ai,1709.0,Olares: An Open-Source Sovereign Cloud OS for Local AI,Shell,2025-01-19T18:44:56Z,769.0,816,18.0,False,False,59.0,3627.0,1.0,False,False,
R047,JAMScript,citelab/JAMScript,https://github.com/citelab/JAMScript,I2,Partially,https://github.com/citelab/JAMScript/blob/master/lib/jside/docs/diagrams.pdf,"Smart City, Smart Energy, IoV",Unified Programming Model,Supporting Capabilities,Reactive Runtime & Hierarchical Orchestration,Supporting Capabilities,Distributed Device Collaboration,Interface Capability,device ↔ fog,Platform,edge-iot,31.0,A programming language for cloud of moving things (edge-based IoT),C,2024-09-13T06:59:44Z,9.0,2.593,20.0,False,False,19.0,58313.0,1.0,False,False,
R048,FogBus2,Cloudslab/FogBus2,https://github.com/Cloudslab/FogBus2,I2,Partially,https://github.com/Cloudslab/FogBus2?tab=readme-ov-file#sample-environment-architecture,"IoT, Orchestration",Integrated Fog-Cloud Resource Orchestration,Supporting Capabilities,Secure Data Management & Authentication,Supporting Capabilities,QoS-aware Task Scheduling & Monitoring,Supporting Capabilities,edge ↔ Cloud,Framework,edge-iot,25.0,FogBus2: A Lightweight and Distributed Container-based Framework for Integration of IoT-enabled Systems with Edge and Cloud Computing,Python,2024-09-03T09:17:50Z,0.0,471,2.0,False,False,10.0,27933.0,1.0,False,False,"Paper: title={FogBus2: a lightweight and distributed container-based framework for integration of IoT-enabled systems with edge and cloud computing}, Book:   title={Resource Management in Edge and Fog Computing using FogBus2 Framework}, https://github.com/Cloudslab/FogBus2?tab=readme-ov-file#references"
R049,tflite_beam,cocoa-xu/tflite_beam,https://github.com/cocoa-xu/tflite_beam,I1,NO,,Smart Things,On-Device ML Inference via TensorFlow Lite,Supporting Capabilities,Integration of ML into Distributed BEAM Ecosystem,Supporting Capabilities,Cross-Platform Edge Deployment,Interface Capability,device ↔ fog,SDK,edgetpu,39.0,TensorFlow Lite Erlang bindings with optional EdgeTPU support.,C++,2024-10-28T14:25:08Z,50.0,486,3.0,False,False,6.0,31477.0,1.0,False,False,
R050,tflite_elixir,cocoa-xu/tflite_elixir,https://github.com/cocoa-xu/tflite_elixir,I1,NO,,Smart Things,On-Device ML Inference with TensorFlow Lite,Data Capabilities,Elixir Integration for Edge AI Applications,Supporting Capabilities,Cross-Platform Edge Deployment,Supporting Capabilities,device ↔ fog,SDK,edgetpu,20.0,TensorFlow Lite Elixir bindings with optional EdgeTPU support.,Elixir,2024-10-05T20:51:38Z,23.0,82,2.0,False,False,3.0,31471.0,1.0,False,False,
R051,BitNetMCU,cpldcpu/BitNetMCU,https://github.com/cpldcpu/BitNetMCU,I1,YES,https://github.com/cpldcpu/BitNetMCU/blob/main/docs/documentation.md,Smart Things,Low-Bit Model Quantization & Inference on MCU,Data Capabilities,TinyML Training & Export Pipeline,Data Capabilities,Hardware-Aware Efficiency Optimization,Supporting Capabilities,device ↔ fog,SDK,tinyml,254.0,Neural Networks with low bit weights on low end 32 bit microcontrollers such as the CH32V003 RISC-V Microcontroller and others,C,2024-12-15T11:52:33Z,126.0,126,2.0,False,False,25.0,8730.0,1.0,False,False,
R055,motion-ai,dcmartin/motion-ai,https://github.com/dcmartin/motion-ai,I1,YES,https://github.com/dcmartin/motion-ai/blob/master/docs/INSTALL.md,"Smart Things, Video Analytics, Audio Analytics",On-Device Video Analytics & AI Inference,Data Capabilities,Hardware-Accelerated Inference for Vision,Data Capabilities,Event-Driven IoT Integration,Data Capabilities,device ↔ fog,Full System,edge ai,296.0,AI assisted motion detection for Home Assistant,Jupyter Notebook,2024-02-08T17:43:31Z,3.0,10.151,4.0,False,False,29.0,361169.0,1.0,False,False,
R056,leapfrogai,defenseunicorns/leapfrogai,https://github.com/defenseunicorns/leapfrogai,I1,NO,,Security,Secure Local LLM Serving,Data Capabilities,Auditable & Observable AI Inference,Supporting Capabilities,Kubernetes-Native Deployment in Air-Gapped Environments,Supporting Capabilities,Continuum,Platform,edge ai,265.0,"Production-ready Generative AI for local, cloud native, airgap, and edge deployments.",Python,2024-11-13T16:06:55Z,350.0,734,30.0,False,False,29.0,19351.0,1.0,False,False,
R058,UA-EdgeHEMS,digitaltwinconsortium/UA-EdgeHEMS,https://github.com/digitaltwinconsortium/UA-EdgeHEMS,I2,NO,,"IoT, Smart Home, Smart Energy",Energy Telemetry Data Capture,Data Capabilities,Device Interoperability via OPC UA,Interface Capability,Edge-Based Energy Management & Optimization,Transducer Capabilities,device ↔ edge,Full System,edge iot,16.0,An OPC UA server-backed Home Energy Management System (HEMS) for the Smart Home,C#,2024-10-28T08:05:25Z,4.0,139,3.0,False,False,5.0,444.0,1.0,False,False,
R060,NanoLLM,dusty-nv/NanoLLM,https://github.com/dusty-nv/NanoLLM,I1,YES,https://dusty-nv.github.io/NanoLLM/,Smart Things,On-Device LLM Inference with GPU Acceleration,Data Capabilities,Optimized Resource Utilization for Edge AI,Supporting Capabilities,Offline & Private AI Assistant at Edge,Interface Capability,device ↔ edge,SDK,edge-ai,228.0,"Optimized local inference for LLMs with HuggingFace-like APIs for quantization, vision/language models, multimodal agents, speech, vector DB, and RAG.",Python,2024-10-18T02:50:37Z,172.0,172,3.0,False,False,40.0,3806.0,1.0,False,False,
R061,kura,eclipse-kura/kura,https://github.com/eclipse-kura/kura,I1,YES,https://github.com/eclipse-kura/kura?tab=readme-ov-file#documentation,"IoT, IIot, IoMT - (Healthcare), Smart City, Smart Agriculture",Edge Gateway Device & Network Management,Interface Capability,"Data Collection, Buffering & Filtering",Data Capabilities,Cloud Connectivity & Remote Lifecycle Management,Interface Capability,Continuum,Platform,edge-iot,513.0,"Eclipse Kura™ is a versatile framework to supercharge your edge devices, streamlining the process of configuring your gateway, connecting sensors, and IoT devices to seamlessly collect, process, and send data to the cloud.",Java,2025-01-18T09:21:42Z,212.0,6.039,59.0,False,False,314.0,406204.0,1.0,False,False,
R063,edgehog,edgehog-device-manager/edgehog,https://github.com/edgehog-device-manager/edgehog,I2,YES,http://docs.edgehog.io/0.9/overview.html,"IoT, Context‑Aware Positioning, Orchestration",OTA Lifecycle & Fleet Control,Supporting Capabilities,Remote Docker Application Management,Supporting Capabilities,Dynamic Fleet Grouping & Geolocation,Supporting Capabilities,Continuum,Framework,edge iot,35.0,"Easily manage your IoT device fleet with Edgehog at once. Get information on device status, deploy updates, geolocate your devices and much more!",Elixir,2025-01-15T13:12:47Z,512.0,1.639,15.0,False,False,22.0,8234.0,1.0,False,False,
R064,edgehog-device-runtime,edgehog-device-manager/edgehog-device-runtime,https://github.com/edgehog-device-manager/edgehog-device-runtime,I2,YES,https://github.com/edgehog-device-manager/edgehog-device-runtime/blob/main/doc/os_requirements.md,"IoT, Orchestration",Comprehensive Telemetry Reporting,Data Capabilities,OTA Management & State Control,Supporting Capabilities,Container Service Integration,Supporting Capabilities,device ↔ fog,Middleware,edge iot,12.0,"Edgehog Device Runtime is a portable middleware written in Rust, that enables remote device management on Linux-based systems.",Rust,2025-01-20T09:04:12Z,338.0,676,11.0,False,False,12.0,1493.0,1.0,False,False,
R082,edgen,edgenai/edgen,https://github.com/edgenai/edgen,I1,YES,https://github.com/edgenai/edgen/blob/main/docs/README.md,Smart Things,Local Modular GenAI Serving,Data Capabilities,Hardware-Adaptive Inference Optimization,Supporting Capabilities,Cross-Platform Native Deployment,Supporting Capabilities,device ↔ fog,Framework,edge ai,344.0,"⚡  Edgen: Local, private GenAI server alternative to OpenAI. No GPU required. Run AI models locally: LLMs (Llama2, Mistral, Mixtral...), Speech-to-text (whisper) and many others.",Rust,2024-05-23T14:21:38Z,315.0,315,7.0,False,False,16.0,2481.0,1.0,False,False,
R083,shifu,Edgenesis/shifu,https://github.com/Edgenesis/shifu,I2,YES,https://shifu.dev/docs/references/architecture/,"IoT, IIoT, Orchestration",Device Virtualization & Digital Twin,Interface Capability,Protocol Interoperability & Integration,Interface Capability,Kubernetes-Native Orchestration of IoT Devices,Supporting Capabilities,Continuum,Framework,edge iot,1304.0,Kubernetes-native IoT gateway,Go,2025-01-20T09:33:43Z,149.0,641,39.0,False,False,121.0,50368.0,1.0,False,False,
R084,evio,EdgeVPNio/evio,https://github.com/EdgeVPNio/evio,I2,YES,https://edgevpn.io/architecture/,"IoT, Security",Virtualized Overlay Networking,Interface Capability,Decentralized SDN Control & Peer Discovery,Supporting Capabilities,Secure Peer-to-Peer Tunneling,Interface Capability,edge ↔ fog,Platform,edge-iot,44.0,"Virtualized overlay networking for the fog. The Evio network spans the continuum, from the cloud to the edge, providing a virtual private layer 2 network suitable for edge devices in IoT workloads.",Python,2024-08-26T19:53:45Z,32.0,190,6.0,False,False,15.0,2080.0,1.0,False,False,
R088,emlearn,emlearn/emlearn,https://github.com/emlearn/emlearn,I1,YES,https://github.com/emlearn/emlearn?tab=readme-ov-file#documentation,Smart Things,Portable C99 TinyML Engine,Data Capabilities,Python-to-Embedded Workflow Bridge,Supporting Capabilities,Platform-Agnostic Compatibility,Supporting Capabilities,device ↔ fog,SDK,tinyml,545.0,Machine Learning inference engine for Microcontrollers and Embedded devices,Python,2025-01-18T23:41:01Z,134.0,686,7.0,False,False,57.0,2110.0,1.0,False,False,PAPER: https://github.com/emlearn/emlearn?tab=readme-ov-file#citations
R091,nn-comp,etri-edgeai/nn-comp,https://github.com/etri-edgeai/nn-comp,I1,NO,,Smart Things,Model Compilation & Code Generation for Edge AI,Data Capabilities,Optimization for Resource Efficiency,Data Capabilities,Intermediate Representation (IR) for Neural Networks,Data Capabilities,device ↔ fog,Framework,edgeai,12.0,Neural Network Compression for Edge AI,Python,2024-12-19T13:18:59Z,1.0,338,4.0,False,False,7.0,554.0,1.0,False,False,
R092,GPT-Telegramus,F33RNI/GPT-Telegramus,https://github.com/F33RNI/GPT-Telegramus,I1,NO,,Smart Things,Multi-LLM Telegram Chat Interface,Interface Capability,Streaming Response Delivery,Data Capabilities,OpenAI API Compatible Bot Framework,Interface Capability,edge ↔ Cloud,Full System,edge-ai,340.0,"💜 The best free Telegram bot for ChatGPT, Microsoft Copilot (aka Bing AI / Sidney / EdgeGPT), Microsoft Copilot Designer (aka BingImageCreator), Gemini and Groq with stream writing, requests with images, multiple languages, admin control, data logging and more!",Python,2024-05-16T04:53:12Z,149.0,528,9.0,False,False,104.0,10017.0,1.0,False,False,
R093,fabedge,FabEdge/fabedge,https://github.com/FabEdge/fabedge,I2,YES,https://github.com/FabEdge/fabedge?tab=readme-ov-file#how-it-works,"IoT, Security",Secure Cloud-Edge & Edge-Edge Overlay Networking,Interface Capability,Automatic Configuration & Topology-Aware Discovery,Supporting Capabilities,Kubernetes-Native Multi-Cluster Orchestration,Supporting Capabilities,edge ↔ fog,Platform,edge iot,523.0,Secure Edge Networking Solution Based On Kubernetes,Go,2025-01-11T01:27:42Z,7.0,835,17.0,False,False,57.0,5337.0,1.0,False,False,
R095,fledge,fledge-iot/fledge,https://github.com/fledge-iot/fledge,I2,YES,https://github.com/fledge-iot/fledge/blob/develop/docs/fledge_architecture.rst,IIoT,Edge Data Ingestion & Preprocessing,Data Capabilities,Plugin-based Northbound/Southbound Connectivity,Data Capabilities,Edge Analytics & Closed-Loop Control,Transducer Capabilities,device ↔ edge,Platform,edge iot,127.0,"An open source platform for the Industrial Internet of Things, it acts as an edge gateway between sensor devices and cloud storage systems.",Python,2025-01-17T12:43:43Z,608.0,11.824,42.0,False,False,50.0,44971.0,1.0,False,False,
R096,pipy,flomesh-io/pipy,https://github.com/flomesh-io/pipy,I2,Partially,https://github.com/flomesh-io/pipy/blob/main/docs/getting-started/quick-start.mdx,IoT,Programmable Network Proxy & Pipelines,Interface Capability,Service Mesh & API Gateway Integration,Interface Capability,Lightweight High-Performance Networking,Data Capabilities,edge ↔ Cloud,Framework,edge-iot,782.0,"Pipy is a programmable proxy for the cloud, edge and IoT.",C++,2025-01-16T03:41:09Z,480.0,2.251,21.0,False,False,73.0,53687.0,1.0,False,False,
R098,trusted-connector,Fraunhofer-AISEC/trusted-connector,https://github.com/Fraunhofer-AISEC/trusted-connector,I2,YES,https://industrial-data-space.github.io/trusted-connector-documentation/docs/overview/,"IIoT, Security",Secure Data Exchange Gateway,Data Capabilities,Data Sovereignty & Policy Enforcement,Supporting Capabilities,Trusted Execution & Compliance Integration,Supporting Capabilities,edge ↔ Cloud,Platform,edge-iot,48.0,"IoT edge platform ""Trusted Connector"" of the International Data Spaces. Based on Spring Boot, includes Camel message routing, a Camel component for IDSCP2 (including remote attestation with other connectors) and a management web UI.",Kotlin,2024-08-31T15:15:08Z,32.0,2.263,14.0,False,False,45.0,114526.0,1.0,False,False,
R101,solo-server,GetSoloTech/solo-server,https://github.com/GetSoloTech/solo-server,I1,YES,https://docs.getsolo.tech/welcome,Smart Things,Local Physical AI Inference Server,Data Capabilities,Hardware-Auto Detection & Optimization  ,Supporting Capabilities,Open Model Registry & CLI Management,Supporting Capabilities,edge ↔ Cloud,Subsystem,edge-ai,31.0,Simple server to manage compound AI,Python,2025-01-07T18:18:11Z,93.0,95,5.0,False,False,4.0,45864.0,1.0,False,False,
R105,LiteRT,google-ai-edge/LiteRT,https://github.com/google-ai-edge/LiteRT,I1,YES,https://ai.google.dev/edge/litert?hl=pt-br,Smart Things,Lightweight On-Device Inference Runtime,Data Capabilities,Hardware-Accelerated ML Execution,Data Capabilities,Cross-Platform Portability & Integration,Supporting Capabilities,device ↔ fog,Framework,edge ai,237.0,"LiteRT is the new name for TensorFlow Lite (TFLite). While the name is new, it's still the same trusted, high-performance runtime for on-device AI, now with an expanded vision.",C++,2025-01-19T21:01:14Z,175.0,261,32.0,False,False,20.0,49963.0,1.0,False,False,
R116,inngest,inngest/inngest,https://github.com/inngest/inngest,I2,YES,https://www.inngest.com/docs/self-hosting#inngest-system-architecture,Orchestration,Event-Driven Orchestration,Supporting Capabilities,Resilient Task Scheduling & State Management,Supporting Capabilities,Cross-Environment Portability,Supporting Capabilities,fog ↔ cloud,Full System,edge-ai,2356.0,"The leading workflow orchestration platform.  Run stateful step functions and AI workflows on serverless, servers, or the edge.",Go,2025-01-17T23:31:55Z,1097.0,4.174,24.0,False,False,91.0,325678.0,1.0,False,False,
R120,AiCSD,intel/AiCSD,https://github.com/intel/AiCSD,I1,YES,https://intel.github.io/AiCSD/index.html#ai-connect-for-scientific-data-aicsd,"Smart Things, IoT, Orchestration",Edge Data Pipeline & Processing,Data Capabilities,EdgeX Microservices Image Processing,Supporting Capabilities,OpenVINO Edge Inference Pipelines,Data Capabilities,edge ↔ fog,Full System,edge-ai,17.0,"AI Connect for Scientific Data (AiCSD) is a new solution for using AI to connect data from scientific instruments to applicable AI pipelines and run workloads at the edge. This repository contains EdgeX Foundry based microservices to automatically detect, manage, and process OEM images with OpenVINO.",Go,2025-01-03T19:40:54Z,38.0,78,9.0,False,False,13.0,30826.0,1.0,False,False,
R121,compage,intelops/compage,https://github.com/intelops/compage,I2,Partially,https://github.com/intelops/compage/blob/main/README.md,IoT,Low-Code Cloud-to-Edge App Generation,Supporting Capabilities,Supply Chain Security & SBOM Automation,Supporting Capabilities,Multi-Platform Orchestration & Deployment,Supporting Capabilities,fog ↔ cloud,Full System,edge-iot,83.0,"Compage - Low-Code Framework to develop Rest API, gRPC, dRPC, GraphQL, WebAssembly, microservices, FaaS, Temporal workloads, IoT and edge services, K8s controllers, K8s CRDs, K8s custom APIs, K8s Operators, K8s hooks, etc. with minimal coding and by automatically applying best practice methods like software supply chain security measures, SBOM, openAPI, cloudevents, etc. Auto generate code after defining requirements in UI as diagram.",Go,2024-08-09T19:09:32Z,43.0,976,7.0,False,False,21.0,29436.0,1.0,False,False,
R123,AISonobuoy,IQTLabs/AISonobuoy,https://github.com/IQTLabs/AISonobuoy,I1,Partially,,Audio Analytics,Collection Data Pipeline & Inference,Transducer Capabilities,Automated Data Collection & Labeling,Data Capabilities,Edge-Aware Maritime ML Deployment,Supporting Capabilities,device ↔ edge,Subsystem,edge ai,37.0,Maritime Situational Awareness: An Exploration,C,2025-01-18T01:55:07Z,0.0,2.425,18.0,False,False,21.0,88583.0,1.0,False,False,
R124,BirdsEye,IQTLabs/BirdsEye,https://github.com/IQTLabs/BirdsEye,I1,Partially,https://github.com/IQTLabs/BirdsEye/blob/main/docs/CONFIGS.md,"IoT,  Context‑Aware Positioning",Lightweight RL-based RF Localization,Data Capabilities,Compute-Efficient Training & Inference,Supporting Capabilities,Simulation-Driven Edge Modeling,Data Capabilities,edge ↔ fog,Platform,edge-ai,42.0,"The BirdsEye RL/RF project enables localization of mobile radio frequency targets, e.g., drones operators, via commericial off-the-shelf sensors.",Jupyter Notebook,2025-01-19T01:32:15Z,292.0,1.498,11.0,False,False,16.0,418686.0,1.0,False,False,"This repository is the official implementation of the following work Tindall et al., 2023 and Tindall et al., 2021:"
R126,jevois,jevois/jevois,https://github.com/jevois/jevois,I1,YES,https://github.com/jevois/jevois/tree/master/doc,"Video Analytics, Smart Things",On-Device Vision AI Inference,Data Capabilities,Modular Edge AI Framework,Supporting Capabilities,Real-Time Video Processing & Output,Data Capabilities,device ↔ edge,Framework,edgetpu,147.0,JeVois smart machine vision framework,C,2024-10-26T01:15:55Z,25.0,357,5.0,False,False,55.0,95125.0,1.0,False,False,
R129,DeepStack,johnolafenwa/DeepStack,https://github.com/johnolafenwa/DeepStack,I1,NO,,"Video Analytics, Security",Local AI Serving (Offline Edge Inference),Data Capabilities,Cross-Platform Flexibility,Supporting Capabilities,Secure & Scalable API Management,Data Capabilities,device ↔ fog,Platform,edge ai,723.0,The World's Leading Cross Platform AI Engine for Edge Devices,Python,2024-06-13T15:03:35Z,0.0,282,5.0,False,False,114.0,413887.0,1.0,False,False,
R130,AI-on-the-edge-device,jomjol/AI-on-the-edge-device,https://github.com/jomjol/AI-on-the-edge-device,I1,YES,https://jomjol.github.io/AI-on-the-edge-device-docs/,Video Analytics,Image Processing and Feature Extraction,Data Capabilities,Connectivity & Integration,Data capabilities,Device Management & Updatability,Data capabilities,device ↔ fog,Framework,edge ai,6266.0,"Easy to use device for connecting ""old"" measuring units (water, power, gas, ...) to the digital world",C++,2025-01-17T22:16:56Z,266.0,2.026,61.0,False,False,677.0,163077.0,1.0,False,False,
R134,SydneyQt,juzeon/SydneyQt,https://github.com/juzeon/SydneyQt,I2,Partially,,Others,Jailbroken Bing/Sydney AI Client,Interface Capability,Advanced Prompt Injection & Customization,Interface Capability,Cross-Platform Desktop AI Interface,Interface Capability,Continuum,Platform,edge ai,873.0,A cross-platform desktop client for the jailbroken New Bing AI Copilot (Sydney ver.) built with Go and Wails (previously based on Python and Qt).,Go,2024-11-22T06:45:49Z,185.0,424,3.0,False,False,80.0,13042.0,1.0,False,False,
R137,keylime,keylime/keylime,https://github.com/keylime/keylime,I2,YES,https://github.com/keylime/keylime/blob/master/docs/old/keylime-detailed-architecture-v7.pptx,"IoT, Security",Remote Attestation & Integrity Verification,Supporting Capabilities,Secure Provisioning & Key Management,Supporting Capabilities,Cross-Layer Security & Compliance,Supporting Capabilities,Continuum,Subsystem,edge-iot,440.0,A CNCF Project to Bootstrap & Maintain Trust on the Edge / Cloud and IoT,Python,2025-01-17T17:31:37Z,191.0,1.964,65.0,False,False,153.0,15813.0,1.0,False,False,
R138,kubeedge,kubeedge/kubeedge,https://github.com/kubeedge/kubeedge,I1,YES,https://release-1-19.docs.kubeedge.io/docs/category/architecture,IoT,Cloud-Edge Application Orchestration,Supporting Capabilities,Secure Edge Communication & Digital Twin,Data Capabilities,IoT Device Integration & Event Routing,Data Capabilities,Continuum,Subsystem,edge iot,6903.0,Kubernetes Native Edge Computing Framework (project under CNCF),Go,2025-01-20T07:39:25Z,634.0,5.831,100.0,False,False,1740.0,143846.0,1.0,False,False,
R141,edge-home-orchestration-go,lf-edge/edge-home-orchestration-go,https://github.com/lf-edge/edge-home-orchestration-go,I2,YES,https://github.com/lf-edge/edge-home-orchestration-go/tree/master/docs,"Smart Home, Orchestration, IoT",Dynamic Service Offloading & Load Balancing,Supporting Capabilities,Distributed Device Discovery & Scheduling,Supporting Capabilities,Container-based Application Deployment,Supporting Capabilities,device ↔ fog,Framework,edge iot,94.0,Home Edge Project in LF Edge - Edge Orchestration for home edge devices to enabling smart home use cases.,Go,2025-01-06T09:17:12Z,8.0,769,20.0,False,False,51.0,5354.0,1.0,False,False,
R142,ekuiper,lf-edge/ekuiper,https://github.com/lf-edge/ekuiper,I2,YES,https://ekuiper.org/docs/en/latest/concepts/ekuiper.html,"IoT, IIoT, IoV, Smart Energy",Lightweight Stream Processing & Rule Engine,Data Capabilities,Highly Extensible Connectivity Framework,Data Capabilities,Management Dashboard & API-based Control,Supporting Capabilities,device ↔ fog,Full System,edge-iot,1519.0,Lightweight data stream processing engine for IoT edge,Go,2025-01-17T10:12:02Z,718.0,3.241,90.0,False,False,418.0,119529.0,1.0,False,False,
R143,eve,lf-edge/eve,https://github.com/lf-edge/eve,I2,YES,https://github.com/lf-edge/eve/blob/master/docs/APP-CONNECTIVITY.md,"IoT, Security",Secure Edge Virtualization & Isolation,Supporting Capabilities,Remote Orchestration & Lifecycle Management,Supporting Capabilities,Zero-Trust Security & Device Integrity,Supporting Capabilities,edge ↔ Cloud,Framework,edge iot,480.0,EVE is Edge Virtualization Engine ,Go,2025-01-17T17:09:18Z,906.0,11.140,83.0,False,False,164.0,400535.0,1.0,False,False,
R146,TPI-LLM,Lizonghang/TPI-LLM,https://github.com/Lizonghang/TPI-LLM,I1,NO,,Smart Things,Distributed LLM Inference with Tensor Parallelism,Data Capabilities,Scalable Multi-Device AI Execution,Supporting Capabilities,High-Performance NLP/LLM Serving,Data Capabilities,edge ↔ Cloud,Platform,edge-ai,168.0,TPI-LLM: Serving 70b-scale LLMs Efficiently on Low-resource Edge Devices,Python,2024-11-15T08:18:45Z,139.0,139,2.0,False,False,12.0,146.0,1.0,False,False,
R147,hal-9100,llm-edge/hal-9100,https://github.com/llm-edge/hal-9100,I1,NO,,"Edge AI Platform, Smart Things",Application Hosting & Execution,Data Capabilities,Interoperability Gateway,Interface Capability,Resource Management,Supporting Capabilities,edge ↔ Cloud,Platform,edge ai,374.0,Edge full-stack LLM platform. Written in Rust,Rust,2024-05-25T09:42:43Z,200.0,433,6.0,False,False,31.0,1661.0,1.0,False,False,
R148,loxilb,loxilb-io/loxilb,https://github.com/loxilb-io/loxilb,I2,YES,https://docs.loxilb.io/latest/arch/,Edge AI Platform,High-Performance Edge Load Balancing,Data Capabilities,Multi-Cluster & Multi-Tenant Networking,Interface Capability,Security & Resilience (DDoS Protection),Supporting Capabilities,edge ↔ Cloud,Platform,edge-iot,1547.0,eBPF based cloud-native load-balancer for Kubernetes|Edge|Telco|IoT|XaaS.,Go,2025-01-19T22:06:49Z,1266.0,3.377,24.0,False,False,124.0,40347.0,1.0,False,False,
R149,luos_engine,Luos-io/luos_engine,https://github.com/Luos-io/luos_engine,I2,YES,https://www.luos.io/docs/luos-technology/basics/concepts,"IoRT, Smart Things, IoT",Modular Microservice Architecture,Supporting Capabilities,Dynamic Service Discovery & Communication,Data Capabilities,Distributed IoT System Scalability,Supporting Capabilities,device ↔ fog,Platform,edge iot,519.0,"Open-source and real-time orchestrator for cyber-physical-systems, to easily design, test and deploy embedded applications and digital twins.",C,2025-01-15T13:51:34Z,0.0,1.488,13.0,False,False,57.0,23386.0,1.0,False,False,
R150,macchina.io,macchina-io/macchina.io,https://github.com/macchina-io/macchina.io,I2,Partially,https://docs.macchina.io/edge/00400-MQTTProgramming.html,"IoT, IIoT, Security",Edge Gateway Device & Protocol Integration,Data Capabilities,Web-Enabled Service Exposure,Interface Capability,Remote Application Management & Extensibility,Supporting Capabilities,Continuum,Platform,edge-iot,517.0,"macchina.io EDGE is a powerful C++ and JavaScript SDK for edge devices, multi-service IoT gateways and connected embedded systems.",C++,2024-06-11T16:51:00Z,37.0,1.233,7.0,False,False,156.0,128373.0,1.0,False,False,
R151,microflow-rs,matteocarnelos/microflow-rs,https://github.com/matteocarnelos/microflow-rs,I1,NO,PAPER: https://github.com/matteocarnelos/microflow-rs?tab=readme-ov-file#citation,"IoT, Smart Things",Lightweight TinyML Inference Runtime,Data Capabilities,Embedded ML Model Execution Engine,Data Capabilities,Embedded-Friendly Portability,Supporting Capabilities,device ↔ edge,SDK,tinyml,111.0,A robust and efficient TinyML inference engine.,Rust,2024-12-12T14:42:00Z,21.0,108,2.0,False,False,10.0,1337.0,1.0,False,False,The MicroFlow paper has been published in Elsevier's Internet of Things journal and can be cited as follows:
R152,tokay-lite-sdk,maxlab-io/tokay-lite-sdk,https://github.com/maxlab-io/tokay-lite-sdk,I1,NO,,"IoT, Smart Things, Video Analytics",Lightweight SDK for IoT/Edge AI,Supporting Capabilities,On-Device AI Inference,Data Capabilities,IoT Connectivity & Integration,Interface Capability,device ↔ fog,SDK,edge ai,49.0,Tokay Lite: Low Power Edge AI Camera SDK,C++,2024-09-29T11:43:21Z,6.0,117,2.0,False,False,7.0,829.0,1.0,False,False,
R154,mindspore,mindspore-ai/mindspore,https://github.com/mindspore-ai/mindspore,I1,YES,https://github.com/mindspore-ai/mindspore/tree/master/docs,Smart Things,End-to-End AI Lifecycle,Data Capabilities,Lightweight Edge Inference,Data Capabilities,Privacy-Preserving Federated Learning,Data Capabilities,Continuum,Platform,edge ai,4372.0,"MindSpore is a new open source deep learning training/inference framework that could be used for mobile, edge and cloud scenarios.",C++,2024-07-29T01:48:05Z,7097.0,83.896,93.0,False,False,718.0,869597.0,1.0,False,False,
R162,xsai,moeru-ai/xsai,https://github.com/moeru-ai/xsai,I2,YES,https://xsai.js.org/docs,Smart Things,Extra-Small OpenAI API SDK,Interface Capability,Browser/Node.js/Edge Runtime Client,Interface Capability,Tool Calling & Streaming Support,Interface Capability,device ↔ fog,SDK,edge-ai,34.0,"🤖💬 extra-small AI SDK for Browser, Node.js, Deno, Bun or Edge Runtime.",TypeScript,2025-01-19T06:18:19Z,208.0,246,4.0,False,False,4.0,554.0,1.0,False,False,
R163,montithings,MontiCore/montithings,https://github.com/MontiCore/montithings,I2,YES,https://www.se-rwth.de/research/MontiThings/,IoT,Model-Driven IoT/Edge Application Development,Supporting Capabilities,Dynamic Deployment & Update at Edge,Supporting Capabilities,Asynchronous Cross-Device Communication,Data Capabilities,device ↔ fog,Subsystem,edge iot,14.0,An ecosystem for model-driven IoT applications,Java,2025-01-10T20:52:30Z,15.0,4.617,34.0,False,False,6.0,16788.0,1.0,False,False,Please cite MontiThings using its publication in the Journal of Systems and Software (Free Preprint Link).
R166,nabto-embedded-sdk,nabto/nabto-embedded-sdk,https://github.com/nabto/nabto-embedded-sdk,I2,YES,https://docs.nabto.com/developer/platforms/common/intro.html,"IoT, Security",Secure P2P Communication for IoT Devices,Data Capabilities,NAT/Firewall Traversal & Connectivity Optimization,Interface Capability,Lightweight Embedded Integration,Supporting Capabilities,device ↔ edge,Subsystem,edge-iot,17.0,"Nabto Edge Embedded SDK. Secure, direct connections to your IoT devices.",C,2024-12-02T13:10:24Z,195.0,2.861,5.0,False,False,4.0,5401.0,1.0,False,False,
R167,nanomq,nanomq/nanomq,https://github.com/nanomq/nanomq,I2,YES,https://github.com/nanomq/nanomq/blob/master/docs/en_US/assets/architecture.png,IoT,Lightweight Edge Messaging Broker,Data Capabilities,Protocol Translation & Interoperability Gateway,Data Capabilities,High-Performance & Resource-Efficient Messaging,Data Capabilities,device ↔ fog,Subsystem,edge-iot,1711.0,An ultra-lightweight and blazing-fast Messaging broker/bus for IoT edge & SDV,C,2025-01-14T14:58:23Z,539.0,3.598,31.0,False,False,203.0,18876.0,1.0,False,False,
R170,edgerunner,neuralize-ai/edgerunner,https://github.com/neuralize-ai/edgerunner,I1,YES,https://neuralize-ai.github.io/edgerunner/,"Edge AI Platform, Smart Things",Universal On-Device AI Runtime Integration,Supporting Capabilities,Device-Agnostic API Abstraction,Interface Capability,Platform-Specific NPU SDK Management,Supporting Capabilities,device ↔ fog,SDK,edge ai,65.0,Simplified AI runtime integration for mobile app development,C++,2024-11-29T13:52:56Z,355.0,355,1.0,False,False,4.0,34787.0,1.0,False,False,
R182,ai-edge,opendatahub-io/ai-edge,https://github.com/opendatahub-io/ai-edge,I1,YES,https://github.com/opendatahub-io/ai-edge/blob/main/docs/images/edge-architecture.png,"IoT, Smart Environments",Edge Processing,Data Capabilities,Orchestration & Management,Supporting Capabilities,Monitoring & Observability,Data Capabilities,edge ↔ fog,Framework,edge-ai,12.0,ODH integration with AI at the Edge usecases,Go,2024-11-11T22:52:26Z,280.0,490,13.0,False,False,19.0,16979.0,1.0,False,False,
R183,microshift,openshift/microshift,https://github.com/openshift/microshift,I2,YES,https://github.com/openshift/microshift/blob/main/docs/contributor/design.md,"Edge AI Platform, IoT",Lightweight Kubernetes-Native Orchestration,Supporting Capabilities,Cloud-Edge Continuum Integration,Supporting Capabilities,Secure Lifecycle & Policy Management,Supporting Capabilities,edge ↔ Cloud,Framework,edge iot,708.0,A small form factor OpenShift/Kubernetes optimized for edge computing,Go,2025-01-20T09:07:17Z,1961.0,5.895,84.0,False,False,203.0,107666.0,1.0,False,False,
R184,model_server,openvinotoolkit/model_server,https://github.com/openvinotoolkit/model_server,I1,YES,https://docs.openvino.ai/2026/model-server/ovms_what_is_openvino_model_server.html,"Smart Things, Edge AI Platform",Scalable AI Model Serving (gRPC/REST),Data Capabilities,Hardware-Accelerated Inference,Data Capabilities,Model Lifecycle Management,Supporting Capabilities,Continuum,Middleware,edge ai,697.0,A scalable inference server for models optimized with OpenVINO™,C++,2025-01-19T23:16:54Z,484.0,2.689,42.0,False,False,213.0,54087.0,1.0,False,False,
R185,openvino_testdrive,openvinotoolkit/openvino_testdrive,https://github.com/openvinotoolkit/openvino_testdrive,I1,Partially,,Smart Things,Multi-Modal Edge AI Inference Pipelines,Data Capabilities,Hardware-Accelerated Edge AI Execution,Data Capabilities,Model Evaluation & Edge AI Experimentation Toolkit,Supporting Capabilities,device ↔ fog,Full System,edge-ai,14.0,"With OpenVINO Test Drive, users can run large language models (LLMs) and models trained by Intel Geti on their devices, including AI PCs and Edge devices.",Dart,2025-01-17T23:02:56Z,368.0,369,6.0,False,False,3.0,23622.0,1.0,False,False,
R194,executorch,pytorch/executorch,https://github.com/pytorch/executorch,I2,YES,https://github.com/pytorch/executorch/blob/main/docs/source/getting-started-architecture.md,"Smart Things, Edge AI Platform",End-to-End On-Device AI Workflow,Data Capabilities,High Portability across Diverse Hardware,Supporting Capabilities,Developer Productivity & Toolchain Integration,Supporting Capabilities,edge ↔ fog,Platform,edge ai,2412.0,"On-device AI across mobile, embedded and edge for PyTorch",C++,2025-01-19T11:35:00Z,3856.0,5.271,100.0,False,False,420,150581.0,1.0,False,False,
R197,rhel-edge-automation-arch,redhat-cop/rhel-edge-automation-arch,https://github.com/redhat-cop/rhel-edge-automation-arch,I2,Partially,https://github.com/redhat-cop/rhel-edge-automation-arch/blob/main/docs/basic-walkthrough.md,IIoT,Automated Edge Provisioning & Configuration,Supporting Capabilities,OTA Updates & Rollback Management,Supporting Capabilities,GitOps-Driven Orchestration & Compliance,Supporting Capabilities,edge ↔ fog,Framework,edge architecture,45,RHEL for Edge Automation Deployment Architecture,Jinja,2023-12-21T19:39:53Z,0.0,315,7.0,False,FALSE,33,,,FALSE,FALSE,
R198,redpanda-edge-agent,redpanda-data/redpanda-edge-agent,https://github.com/redpanda-data/redpanda-edge-agent,I2,NO,,IoT,IoT Telemetry Streaming,Data Capabilities,Resilient Connectivity in Intermittent Networks,Data Capabilities,Remote Agent Management & Integration,Supporting Capabilities,edge ↔ Cloud,Subsystem,edge iot,28.0,Lightweight internet of things agent that forwards events from the edge,Go,2024-03-25T20:11:17Z,2.0,59,3.0,False,False,9.0,7228.0,1.0,False,False,
R201,viseron,roflcoopter/viseron,https://github.com/roflcoopter/viseron,I1,YES,https://github.com/roflcoopter/viseron/blob/dev/docs/README.md,"Video Analytics, Smart Home",On-Device Video Analytics & AI Inference,Data Capabilities,Hardware-Accelerated Vision Processing,Data Capabilities,Event-Driven Smart Home/IoT Integration,Data Capabilities,device ↔ fog,Full System,edgetpu,1843.0,"Self-hosted, local only NVR and AI Computer Vision software.  With features such as object detection, motion detection, face recognition and more, it gives you the power to keep an eye on your home, office or any other place you want to monitor.",Python,2025-01-19T09:53:42Z,367.0,1.847,11.0,False,False,190.0,41822.0,1.0,False,False,
R203,salt,saltstack/salt,https://github.com/saltstack/salt,I2,YES,https://github.com/saltstack/salt/blob/master/doc/topics/development/architecture.rst,"IoT, Orchestration",Scalable Remote Configuration & Automation,Supporting Capabilities,Real-Time Orchestration & Parallel Execution,Supporting Capabilities,"Security, Compliance & Lifecycle Management",Supporting Capabilities,edge ↔ Cloud,Platform,edge iot,14287.0,Software to automate the management and configuration of any infrastructure or application at scale. Install Salt from the Salt package repositories here:,Python,2025-01-20T09:37:47Z,1280.0,121.363,100.0,False,False,5496.0,547395.0,1.0,False,False,
R204,fedn,scaleoutsystems/fedn,https://github.com/scaleoutsystems/fedn,I1,YES,https://docs.scaleoutsystems.com/en/stable/architecture.html,"Smart Things, Edge AI Platform",Federated Model Training & Aggregation,Data Capabilities,Scalable Orchestration of Heterogeneous Nodes,Supporting Capabilities,Privacy-Preserving Collaboration,Supporting Capabilities,edge ↔ Cloud,Framework,edge-ai,146.0,"FEDn: An enterprise-ready open source federated learning framework. This repository contains the Python framework, CLI and API.",Python,2025-01-16T09:16:35Z,245.0,1.931,25.0,False,False,36.0,371729.0,1.0,False,False,
R205,ModelAssistant,Seeed-Studio/ModelAssistant,https://github.com/Seeed-Studio/ModelAssistant,I1,YES,https://github.com/Seeed-Studio/ModelAssistant/blob/main/docs/introduction/overview.md,"Smart Things, Video Analytics, Audio Analytics",Simplified AI Model Deployment at Edge,Data Capabilities,Multi-Framework & Hardware Interoperability,Supporting Capabilities,Model Lifecycle Management,Supporting Capabilities,device ↔ fog,Platform,tinyml,352.0,Seeed SenseCraft Model Assistant is an open-source project focused on embedded AI. 🔥🔥🔥,Python,2025-01-16T11:13:02Z,224.0,824,100.0,False,False,49.0,26993.0,1.0,False,False,
R207,piccolo,sensiml/piccolo,https://github.com/sensiml/piccolo,I1,YES,https://sensiml.com/documentation/analytics-studio/,"Smart Things, Video Analytics, Audio Analytics, IoT, IIoT",Ultra-Lightweight TinyML Inference Runtime,Data Capabilities,Sensor Data Pattern Recognition,Data Capabilities,Low-Power Embedded AI Optimization,Supporting Capabilities,device ↔ edge,Platform,edge ai,53.0,SensiML's open-source AutoML solution for Edge AI model development,Python,2025-01-17T01:48:25Z,54.0,77,5.0,False,False,7.0,96464.0,1.0,False,False,
R210,simpleiot,simpleiot/simpleiot,https://github.com/simpleiot/simpleiot,I2,YES,https://github.com/simpleiot/simpleiot/tree/master/docs/ref,"Smart Things, IoT",Lightweight Edge IoT Platform,Data Capabilities,Graph-Based Device & Data Modeling,Data Capabilities,Remote Device Management & Configuration,Supporting Capabilities,Continuum,Full System,edge-iot,178.0,Simple IoT cloud/edge application/framework,Go,2025-01-03T22:10:16Z,263.0,3.433,9.0,False,False,29.0,16600.0,1.0,False,False,
R212,MaixPy,sipeed/MaixPy,https://github.com/sipeed/MaixPy,I1,YES,https://github.com/sipeed/MaixPy/blob/main/docs/README.md,"Smart Things, Video Analytics",On-Device AI Inference (TinyML),Data Capabilities,Python-Based Embedded Runtime,Supporting Capabilities,Peripheral & Sensor Integration for IoT,Transducer Capabilities,device ↔ edge,SDK,edge ai,225.0,Easily create AI projects with Python on edge device,Python,2025-01-17T10:44:06Z,408.0,443,13.0,False,False,47.0,63546.0,1.0,False,False,
R217,fogflow,smartfog/fogflow,https://github.com/smartfog/fogflow,I2,YES,https://github.com/smartfog/fogflow/blob/development/docs/en/source/introduction.rst,"IoT, Orchestration, Smart City, IIoT",Dynamic Service Orchestration,Supporting Capabilities,Context-aware Service Discovery & Chaining,Supporting Capabilities,Distributed Task Scheduling & Optimization,Supporting Capabilities,edge ↔ Cloud,Framework,edge-iot,126.0,FogFlow is a standard-based IoT fog computing framework that supports serverless computing and edge computing with advanced programming models,Go,2024-11-04T09:48:23Z,22.0,2.471,23.0,False,False,45.0,187714.0,1.0,False,False,
R223,edgeai-gst-apps,TexasInstruments/edgeai-gst-apps,https://github.com/TexasInstruments/edgeai-gst-apps,I1,NO,,"Video Analytics, Smart Things",Hardware-Accelerated GStreamer Pipelines,Data Capabilities,End-to-End Streaming Edge Inference,Data Capabilities,Cross-Language & Configurable Runtime,Supporting Capabilities,edge ↔ fog,Subsystem,edgeai,26.0,Gstreamer based Edge AI reference application,C++,2024-12-12T12:20:44Z,43.0,173,9.0,False,False,27.0,488.0,1.0,False,False,
R225,thin-edge.io,thin-edge/thin-edge.io,https://github.com/thin-edge/thin-edge.io,I2,YES,https://thin-edge.github.io/thin-edge.io/understand/faq/,"IoT, IIoT",Lightweight IoT Edge Gateway,Data Capabilities,Multi-Protocol IoT Interoperability,Data Capabilities,Remote Device Management & OTA Updates,Supporting Capabilities,Continuum,Framework,edge-iot,228.0,The open edge framework for lightweight IoT devices,Rust,2025-01-17T22:04:34Z,1771.0,5.432,30.0,False,False,56.0,122193.0,1.0,False,False,
R227,flogo,TIBCOSoftware/flogo,https://github.com/TIBCOSoftware/flogo,I2,YES,https://tibcosoftware.github.io/flogo/,IoT,Lightweight Event-Driven Integration,Data Capabilities,Cross-Platform & Serverless Deployment,Supporting Capabilities,Embedded AI/ML Inference in Flows,Data Capabilities,edge ↔ Cloud,Framework,edge iot,2442.0,"Project Flogo is an open source ecosystem of opinionated  event-driven capabilities to simplify building efficient & modern serverless functions, microservices & edge apps.",CSS,2024-04-24T18:42:04Z,1.0,432,40.0,False,False,288.0,34005.0,1.0,False,False,
R235,saf,TRUMPF-IoT/saf,https://github.com/TRUMPF-IoT/saf,I2,YES,https://github.com/TRUMPF-IoT/saf/tree/master/docs,"IIoT, IoT",Cloud-Edge .NET Application Framework,Supporting Capabilities,Modular Plugin Architecture & DI Management,Supporting Capabilities,Distributed Pub/Sub Messaging Infrastructure,Data Capabilities,device ↔ fog,Framework,edge iot,12.0,Smart Application Framework (SAF) is a .NET based framework for building distributed applications across cloud and edge.,C#,2025-01-07T16:33:21Z,21.0,375,5.0,False,False,1.0,1122.0,1.0,False,False,
R238,edge-infer,unit-mesh/edge-infer,https://github.com/unit-mesh/edge-infer,I1,Partially,https://github.com/unit-mesh/edge-infer/blob/master/docs/README.md,"Video Analytics, Smart Things",Lightweight Edge Model Inference,Data Capabilities,Cross-Platform Runtime Support,Supporting Capabilities,Configurable Inference Pipeline,Supporting Capabilities,device ↔ fog,Platform,edge ai,39.0,"EdgeInfer enables efficient edge intelligence by running small AI models, including embeddings and OnnxModels, on resource-constrained devices like Android, iOS, or MCUs for real-time decision-making. EdgeInfer 旨在资源受限的设备上运行小型 AI 模型（包括向量化和 Onnx 模型），如 Android、iOS 或 MCUs，实现高效的边缘智能，用于实时决策。",Rust,2024-04-17T09:23:00Z,11.0,121,3.0,False,False,2.0,280.0,1.0,False,False,
R241,WasmEdge,WasmEdge/WasmEdge,https://github.com/WasmEdge/WasmEdge,I1,YES,https://github.com/WasmEdge/WasmEdge/blob/master/docs/ecosystem.md,"IoT, Smart Things",Lightweight & Secure Application Runtime,Supporting Capabilities,AI/ML Inference in WASM Modules,Data Capabilities,Cloud-Native & Edge Integration,Supporting Capabilities,Continuum,Platform,edge-iot,8754.0,"WasmEdge is a lightweight, high-performance, and extensible WebAssembly runtime for cloud native, edge, and decentralized applications. It powers serverless apps, embedded functions, microservices, smart contracts, and IoT devices.",C++,2025-01-19T23:06:04Z,777.0,3.819,100.0,False,False,787.0,24641.0,1.0,False,False,
R242,self,watson-intu/self,https://github.com/watson-intu/self,I1,YES,https://github.com/watson-intu/self-docs/blob/94f376527082cfd25c225b2f99a5304d6955576f/faqs/architecture/architecture.md,"Smart Things, IoRT",Multimodal Perception & Cognitive Integration,Data Capabilities,Distributed Agent-Oriented Orchestration,Supporting Capabilities,Extensible Hybrid Edge–Cloud AI Integration,Supporting Capabilities,device ↔ fog,Middleware,edge-ai,29.0,Intu is a Cognitive Embodiment Middleware for AI on the edge.,C++,2024-11-29T18:47:35Z,2.0,66,8.0,False,False,27.0,160108.0,1.0,False,False,
R247,Vitis-AI,Xilinx/Vitis-AI,https://github.com/Xilinx/Vitis-AI,I1,YES,https://xilinx.github.io/Vitis-AI/3.5/html/docs/workflow.html?highlight=architecture,Smart Things,Model Compilation & FPGA Acceleration,Supporting Capabilities,End-to-End AI Deployment Stack,Supporting Capabilities,Hardware-Optimized Edge AI Runtime,Supporting Capabilities,Continuum,Platform,edge ai,1526.0,"Vitis AI is Xilinx’s development stack for AI inference on Xilinx hardware platforms, including both edge devices and Alveo cards.",Python,2024-09-12T07:20:12Z,3.0,1.253,34.0,False,False,640.0,2361712.0,1.0,False,False,
R251,yomo,yomorun/yomo,https://github.com/yomorun/yomo,I1,YES,https://yomo.run/introduction,IoT,Low-Latency Edge Stream Processing,Data Capabilities,Stateful Serverless Architecture with Strong Typing,Supporting Capabilities,Geo-Distributed AI Agent Infrastructure,Data Capabilities,edge ↔ fog,Framework,edge ai,1694.0,"🦖 Stateful Serverless Framework for Geo-distributed Edge AI Infra. with function calling support, write once, run on any model.",Go,2025-01-19T03:38:40Z,141.0,602,18.0,False,False,129.0,68921.0,1.0,False,False,
R254,kantv,zhouwg/kantv,https://github.com/zhouwg/kantv,I1,YES,https://github.com/kantv-ai/kantv/tree/master?tab=readme-ov-file#docs,"Content Delivery, Video Analytics",Cross-Platform Media Processing,Data Capabilities,Hardware-Accelerated Video Decoding,Data Capabilities,Multi-Protocol Streaming & Playback,Data Capabilities,edge ↔ fog,Full System,edge-ai,136.0,"workbench for learing&practising AI tech in real scenario on Android device, powered by GGML(Georgi Gerganov Machine Learning) and NCNN(Tencent NCNN) and FFmpeg",C++,2024-06-17T13:39:23Z,287.0,2.986,41.0,False,False,20.0,1102570.0,1.0,False,False,
R257,ztachip,ztachip/ztachip,https://github.com/ztachip/ztachip,I1,YES,https://github.com/ztachip/ztachip/blob/master/Documentation/Overview.md,"Smart Things, Video Analytics",Custom Edge AI Hardware Acceleration,Data Capabilities,SDK & Runtime for Edge AI Applications,Data Capabilities,Real-Time Vision & ML Inference,Data Capabilities,device ↔ edge,Platform,edge ai,239.0,Opensource software/hardware platform to build edge AI solutions deployed on FPGA or custom ASIC hardware.,C++,2024-08-21T03:06:22Z,63.0,413,2.0,False,False,34.0,173338.0,1.0,False,False,
R258,auritus,nesl/auritus,https://github.com/nesl/auritus,I1,YES,https://github.com/nesl/auritus/blob/main/README.md#framework-architecture,"Audio Analytics, Smart Things",Data Collection and Labeling,Data Capabilities,Hardware-Aware Model Compactness,Supporting Capabilities,Extendability & Custom Pipeline,Data Capabilities,device ↔ edge,SDK,tinyml,20,Auritus: An Open-Source Optimization Toolkit for Training and Development of Human Movement Models and Filters Using Earables,C++,2024-09-17T06:56:53Z,2,61,0.0,False,False,0,145361,1.0,False,False,
R259,open-horizon,motion-ai/open-horizon,https://github.com/motion-ai/open-horizon,I1,YES,https://github.com/motion-ai/open-horizon/blob/master/docs/HELLO_WORLD.md,"Video Analytics, Orchestration",Edge AI Video Analytics,Data Capabilities,Edge AI Integration with IoT Platforms,Data Capabilities,Situational Awareness & Event Visualization Dashboard,Interface Capability,edge ↔ Cloud,Subsystem,edge,2,Open source edge services,Shell,,0,363,0,False,False,0,,1,False,False,Snowballing
R261,smart-social-distancing,galliot-us/smart-social-distancing,https://github.com/galliot-us/smart-social-distancing,I1,YES,https://galliot.us/blog/smart-social-distancing-new-codebase-architecture/,"Video Analytics, IoT, Human Safety, Smart Buildings",Edge-Based Real-Time Social Distancing Analytics,Data Capabilities,Multi-Hardware AI Acceleration,Data Capabilities,Event-Driven Notification & Data Integration,Data Capabilities,Continuum,Full System,edge-ai,140,"Social Distancing Detector using deep learning and capable to run on edge AI devices such as NVIDIA Jetson, Google Coral, and more.",Python,,0,633,20,False,False,39,,1,False,False,