repo,category,file,confidence,score
AI-on-the-edge-device,arch_overview,code/README.md,high,7
AI-on-the-edge-device,arch_overview,param-docs/parameter-pages/MQTT/MainTopic.md,low,0
AI-on-the-edge-device,quality,param-docs/parameter-pages/MQTT/ValidateServerCert.md,low,0
AI-on-the-edge-device,quality,Licence.md,very_low,-2
AI-on-the-edge-device,deployment,.github/workflows/build.yaml,very_low,-2
AI-on-the-edge-device,deployment,.github/workflows/manual-update-webinstaller.yaml,very_low,-2
AI-on-the-edge-device,interface,README.md,low,1
AI-on-the-edge-device,interface,code/components/jomjol_fileserver_ota/miniz/readme.md,low,1
AI-on-the-edge-device,evaluation,code/components/jomjol_fileserver_ota/miniz/readme.md,low,1
AI-on-the-edge-device,evaluation,code/components/jomjol_fileserver_ota/miniz/ChangeLog.md,very_low,-4
AISonobuoy,arch_overview,Hydrophone/README.md,high,7
AISonobuoy,arch_overview,ParticleTrackerBuoy/README.md,high,7
AISonobuoy,views,docs/img/sixfab_bladerf.jpg,low,1
AISonobuoy,views,docs/img/sixfab_buoy.jpg,low,1
AISonobuoy,quality,SECURITY.md,high,6
AISonobuoy,quality,.github/workflows/config/semgrep-c.yml,very_low,-2
AISonobuoy,stakeholders,CODE_OF_CONDUCT.md,very_low,-2
AISonobuoy,deployment,DataScience/clustering_modeling/README.md,low,1
AISonobuoy,deployment,.github/workflows/config/semgrep-docker.yml,very_low,-2
AISonobuoy,interface,.github/workflows/config/semgrep-python.yml,very_low,-2
AISonobuoy,evaluation,Hydrophone/README.md,low,1
AiCSD,arch_overview,docs_src/log-analytics/overview.md,medium,3
AiCSD,arch_overview,docs_src/monitoring/overview.md,medium,3
AiCSD,quality,security.md,high,6
AiCSD,quality,docs_src/getting-started/troubleshooting.md,medium,3
AiCSD,stakeholders,docs_src/log-analytics/overview.md,medium,3
AiCSD,stakeholders,docs_src/monitoring/overview.md,medium,3
AiCSD,deployment,as-file-receiver-oem/Dockerfile,medium,3
AiCSD,deployment,as-file-sender-gateway/Dockerfile,medium,3
AiCSD,interface,as-file-receiver-oem/clients/file_sender/interface.go,medium,3
AiCSD,interface,as-pipeline-val/clients/interface.go,medium,3
AiCSD,evaluation,docker-compose-grpc-go.yml,low,0
AiCSD,evaluation,docs_src/getting-started/install-prereqs.md,low,0
BirdsEye,arch_overview,README.md,high,7
BirdsEye,arch_overview,telemetry-data/README.md,high,7
BirdsEye,views,docs/icon-diagram.png,medium,4
BirdsEye,views,docs/classes_BirdsEye.png,low,1
BirdsEye,quality,.github/workflows/codeql-analysis.yml,very_low,-2
BirdsEye,deployment,Dockerfile,medium,3
BirdsEye,deployment,README.md,low,1
BirdsEye,interface,pyproject.toml,low,0
BirdsEye,evaluation,tests/mqtt_messages.log,medium,3
BirdsEye,evaluation,tests/requirements.txt,medium,3
BitNetMCU,arch_overview,docs/readme.md,high,8
BitNetMCU,arch_overview,mcu/readme.md,high,7
BitNetMCU,views,docs/Model.drawio,high,7
BitNetMCU,views,docs/Model_cnn_mcu.drawio,high,7
BitNetMCU,deployment,docs/readme.md,low,2
BitNetMCU,evaluation,docs/documentation.md,low,1
BitNetMCU,evaluation,docs/documentation_cnn.md,low,1
DeepStack,arch_overview,.github/workflows/pr_test_cpu.yml,very_low,-2
DeepStack,quality,README.md,low,1
DeepStack,deployment,README.md,low,1
DeepStack,deployment,server/config.json,low,0
DeepStack,interface,README.md,low,1
DeepStack,evaluation,demo/benchmark.py,high,6
DeepStack,evaluation,tests/custom/test_custom.py,medium,3
FogBus2,arch_overview,README.md,high,7
FogBus2,arch_overview,docs/Configs.md,low,1
FogBus2,quality,docs/Aneka.md,low,1
FogBus2,deployment,containers/actor/Dockerfile,medium,3
FogBus2,deployment,containers/actor/docker-compose.yml,medium,3
FogBus2,evaluation,README.md,low,1
FogBus2,evaluation,docs/Demo.md,low,1
JAMScript,arch_overview,lib/jside/core/README.md,high,7
JAMScript,arch_overview,programs/README.md,high,7
JAMScript,quality,docs/design_throughts.txt,low,1
JAMScript,quality,lib/jside/docs/protocol.txt,low,1
JAMScript,deployment,scripts/install/Dockerfile,medium,3
JAMScript,deployment,tools/README.md,low,1
JAMScript,interface,lib/jside/jdiscovery/README.md,low,1
JAMScript,evaluation,tests/tests_old_compiler/Benchmarking/mqtt/compile_server.sh,high,6
JAMScript,evaluation,tests/tests_old_compiler/Benchmarking/mqtt/compile_testm.sh,high,6
KAN,arch_overview,docs/api/README.md,high,8
KAN,arch_overview,README.md,high,7
KAN,context,docs/tutorial/How-to-BYOM.md,medium,4
KAN,views,docs/images/KAN Arch.png,high,7
KAN,views,docs/images/KAN-architecture.png,high,7
KAN,quality,SECURITY.md,high,6
KAN,quality,docs/tutorial/Security-Limiting-User-Access-to-your-KAN-Portal.md,medium,4
KAN,stakeholders,CODE_OF_CONDUCT.md,very_low,-2
KAN,deployment,Deploy/helm/README.md,medium,4
KAN,deployment,Installer/README.md,medium,4
KAN,interface,docs/api/README.md,high,8
KAN,interface,docs/api/object-model/binding.md,medium,4
KAN,evaluation,src/portal/modules/webmodule/backend/vision_on_edge/azure_app_insight/tests/__init__.py,medium,3
KAN,evaluation,src/portal/modules/webmodule/backend/vision_on_edge/azure_app_insight/tests/test_drf_urls.py,medium,3
LiteRT,arch_overview,README.md,high,7
LiteRT,arch_overview,litert/core/README.md,high,7
LiteRT,context,tflite/swift/docsgen/README.md,medium,4
LiteRT,context,g3doc/apis/constant_output.md,low,0
LiteRT,quality,SECURITY.md,high,6
LiteRT,quality,tflite/g3doc/performance/coreml_delegate.md,medium,3
LiteRT,stakeholders,tflite/delegates/gpu/README.md,low,1
LiteRT,stakeholders,tflite/g3doc/guide/ops_select.md,low,0
LiteRT,deployment,docker_build/docker-compose.yml,medium,3
LiteRT,deployment,litert/kotlin/src/main/kotlin/com/google/ai/edge/litert/deployment/AiPackModelProvider.kt,medium,3
LiteRT,interface,tflite/g3doc/api_docs/README.md,medium,4
LiteRT,interface,tflite/nnapi/README.md,medium,4
LiteRT,evaluation,tflite/tools/benchmark/README.md,high,7
LiteRT,evaluation,tflite/tools/benchmark/android/README.md,high,7
MaixPy,arch_overview,README.md,high,7
MaixPy,arch_overview,docs/doc/en/ai_model_converter/maixcam.md,low,1
MaixPy,context,.github/workflows/sync_gitee.yml,very_low,-2
MaixPy,views,docs/doc/assets/maixcam_cpu_arch.jpg,medium,4
MaixPy,views,docs/doc/assets/body_keypoints.jpg,low,1
MaixPy,quality,docs/pages/index_en/README.md,low,2
MaixPy,quality,README.md,low,1
MaixPy,deployment,docs/doc/en/audio/deploy_online_recognition.md,medium,4
MaixPy,deployment,README.md,low,1
MaixPy,interface,docs/api/README2.md,medium,4
MaixPy,interface,docs/api/config.json,medium,4
MaixPy,evaluation,projects/app_benchmark/benchmarks/__init__.py,high,6
MaixPy,evaluation,projects/app_benchmark/benchmarks/benchmark_base.py,high,6
ModelAssistant,arch_overview,README.md,high,7
ModelAssistant,arch_overview,docs/introduction/overview.md,high,7
ModelAssistant,views,docs/images/rtmdet_coco_eval.png,medium,4
ModelAssistant,views,docs/datasets/images/labelme_pfld_1p.png,low,1
ModelAssistant,quality,docs/datasets/public.md,low,1
ModelAssistant,quality,docs/tutorials/overview.md,low,1
ModelAssistant,deployment,docs/tutorials/deploy/grove_vision_ai_v2.md,medium,4
ModelAssistant,deployment,docs/tutorials/deploy/overview.md,medium,4
ModelAssistant,interface,docs/zh_cn/tutorials/deploy/overview.md,low,1
ModelAssistant,evaluation,sscma/evaluation/__init__.py,medium,3
ModelAssistant,evaluation,sscma/evaluation/base_metric.py,medium,3
NanoLLM,arch_overview,docs/models.md,low,1
NanoLLM,deployment,docs/install.md,medium,4
NanoLLM,deployment,README.md,low,1
NanoLLM,interface,docs/chat.md,low,1
NanoLLM,interface,docs/index.rst,low,1
NanoLLM,evaluation,docs/index.rst,low,1
Olares,arch_overview,framework/kube-state-metrics/docs/README.md,high,8
Olares,arch_overview,README.md,high,7
Olares,context,framework/app-service/config/default/manager_auth_proxy_patch.yaml,low,0
Olares,context,framework/integration/.olares/config/cluster/deploy/integration_deploy.yaml,low,0
Olares,views,docs/public/images/how-to/olares/dashboard/overview.jpg,medium,4
Olares,views,docs/public/images/how-to/olares/desktop_search.jpg,medium,4
Olares,quality,SECURITY.md,high,6
Olares,quality,README.md,low,1
Olares,stakeholders,docs/developer/contribute/olares-id/verifiable-credential/olares.md,medium,4
Olares,deployment,docs/code-snippets/docker-compose.yaml,medium,4
Olares,deployment,docs/developer/contribute/system-app/deployment.md,medium,4
Olares,interface,infrastructure/kubesphere/staging/src/kubesphere.io/api/README.md,medium,4
Olares,interface,cli/pkg/core/action/interface.go,medium,3
Olares,evaluation,framework/kube-state-metrics/tests/compare_benchmarks.sh,high,6
Olares,evaluation,docs/manual/olares/profile.md,medium,4
SydneyQt,arch_overview,frontend/README.md,high,7
SydneyQt,interface,webapi/README.md,medium,4
SydneyQt,interface,README.md,low,1
Vitis-AI,arch_overview,README.md,high,7
Vitis-AI,arch_overview,dpucvdx8g-trd/README.md,high,7
Vitis-AI,context,src/vai_quantizer/vai_q_pytorch/README.md,medium,4
Vitis-AI,context,docs/_sources/docs/workflow-model-deployment.rst.txt,low,1
Vitis-AI,views,docs/_images/Model_Inspector_Flow.PNG,medium,4
Vitis-AI,views,docsrc/source/docs/reference/images/Model_Inspector_Flow.PNG,medium,4
Vitis-AI,quality,docs/_sources/docs/install/China_Ubuntu_servers.rst.txt,low,1
Vitis-AI,quality,docsrc/source/docs/install/China_Ubuntu_servers.rst,low,1
Vitis-AI,deployment,docker/common/install_base.sh,medium,3
Vitis-AI,deployment,docker/common/install_conda.sh,medium,3
Vitis-AI,interface,src/vai_quantizer/xnnc4xir/xnnc/proto/caffe_fixed_neuron_pb2/caffe_fixed_neuron.proto,medium,3
Vitis-AI,interface,src/vai_quantizer/xnnc4xir/xnnc/proto/caffe_pb2/caffe.proto,medium,3
Vitis-AI,evaluation,src/vai_quantizer/tensorflow-onnx/tests/test_profile.py,high,6
Vitis-AI,evaluation,src/vai_runtime/vart/rnn-runner/apps/open_information_extraction/utils/benchmark.py,high,6
WasmEdge,arch_overview,examples/android/app/README.md,high,7
WasmEdge,arch_overview,examples/plugin/wasmedge-zlib/README.md,high,7
WasmEdge,views,docs/architecture.png,medium,4
WasmEdge,views,docs/wasmedge-runtime-logo.png,low,1
WasmEdge,quality,SECURITY.md,high,6
WasmEdge,quality,docs/SECURITY_CONTACTS.md,medium,4
WasmEdge,stakeholders,docs/GOVERNANCE.md,low,1
WasmEdge,deployment,.devcontainer/Dockerfile,medium,3
WasmEdge,deployment,README.md,low,1
WasmEdge,interface,examples/capi/host_functions/parse_json/README.md,medium,4
WasmEdge,interface,examples/capi/mandelbrot-set-in-threads/README.md,medium,4
WasmEdge,evaluation,README.md,low,1
WasmEdge,evaluation,bindings/rust/README.md,low,1
aXeleRate,arch_overview,README.md,high,7
aXeleRate,arch_overview,configs/classifier.json,low,0
aXeleRate,deployment,README.md,low,1
aXeleRate,interface,example_scripts/arm_nn/README.md,low,1
ai-edge,arch_overview,README.md,high,7
ai-edge,arch_overview,examples/models/onnx-mnist/README.md,high,7
ai-edge,context,manifests/README.md,medium,4
ai-edge,views,docs/images/edge-architecture.png,high,7
ai-edge,views,docs/images/poc-interaction-diagram.png,high,7
ai-edge,quality,README.md,low,1
ai-edge,quality,manifests/README.md,low,1
ai-edge,deployment,manifests/README.md,medium,4
ai-edge,deployment,manifests/tasks/check-model-and-containerfile-exists/README.md,medium,4
ai-edge,interface,docs/cli.md,low,1
ai-edge,interface,docs/glossary.md,low,1
ai-edge,evaluation,test/e2e-tests/tests/pipelines_test.go,medium,3
ai8x-synthesis,arch_overview,README.md,high,7
ai8x-synthesis,arch_overview,NOTICE.txt,low,0
ai8x-synthesis,context,README.md,medium,4
ai8x-synthesis,context,docs/Windows.md,low,1
ai8x-synthesis,views,docs/CNNOverview.png,medium,4
ai8x-synthesis,views,docs/NAS_Sequential_Model.png,medium,4
ai8x-synthesis,deployment,README.md,low,1
ai8x-synthesis,evaluation,networks/benchmark.yaml,medium,3
ai8x-synthesis,evaluation,tests/ai85-catsdogs-qatv2-q.pth.tar,medium,3
ai8x-training,arch_overview,README.md,high,7
ai8x-training,arch_overview,NOTICE.txt,low,0
ai8x-training,context,README.md,medium,4
ai8x-training,views,docs/CNNOverview.png,medium,4
ai8x-training,views,docs/NAS_Sequential_Model.png,medium,4
ai8x-training,deployment,README.md,low,1
ai8x-training,interface,.github/workflows/test.yml,very_low,-2
ai8x-training,evaluation,README.md,low,1
ai8x-training,evaluation,docs/FacialRecognitionSystem.md,low,1
auritus,arch_overview,Filter Development and Deployment/README.md,high,7
auritus,arch_overview,Model Development and Deployment/README.md,high,7
auritus,stakeholders,Dataset/README.md,low,1
auritus,deployment,Filter Development and Deployment/README.md,medium,4
auritus,deployment,Model Development and Deployment/Conventional Models/Deployment/AdaBoost/README.md,medium,4
auritus,evaluation,Model Development and Deployment/TinyML Models/TCN/auritus_tcn/tensorflow/lite/micro/benchmarks/keyword_scrambled_model_data.h,medium,3
auritus,evaluation,Model Development and Deployment/TinyML Models/TCN/README.md,low,1
aws-iot-fleetwise-edge,arch_overview,README.md,high,7
aws-iot-fleetwise-edge,arch_overview,examples/README.md,high,7
aws-iot-fleetwise-edge,context,docs/dev-guide/edge-agent-dev-guide-last-known-state.md,low,1
aws-iot-fleetwise-edge,views,docs/dev-guide/images/architecture.png,medium,4
aws-iot-fleetwise-edge,views,docs/dev-guide/images/can-over-someip-demo-diagram.jpg,medium,4
aws-iot-fleetwise-edge,quality,SECURITY.md,high,6
aws-iot-fleetwise-edge,quality,README.md,low,1
aws-iot-fleetwise-edge,deployment,tools/container/Dockerfile,medium,3
aws-iot-fleetwise-edge,deployment,tools/deploy/fwe@.service,medium,3
aws-iot-fleetwise-edge,interface,interfaces/protobuf/schemas/cloudToCustomer/last_known_state_message.proto,medium,3
aws-iot-fleetwise-edge,interface,interfaces/protobuf/schemas/cloudToEdge/collection_schemes.proto,medium,3
aws-iot-fleetwise-edge,evaluation,README.md,low,1
aws-iot-fleetwise-edge,evaluation,docs/dev-guide/edge-agent-dev-guide-nxp-s32g.md,low,1
azure-iot-edge-identity-translation-lite,arch_overview,README.md,high,7
azure-iot-edge-identity-translation-lite,arch_overview,docs/autodeploy.md,low,1
azure-iot-edge-identity-translation-lite,context,docs/identitytranslationmodule.md,low,1
azure-iot-edge-identity-translation-lite,context,deploy/deployment.demo.json,low,0
azure-iot-edge-identity-translation-lite,views,docs/media/eventgrid-create.png,low,1
azure-iot-edge-identity-translation-lite,views,docs/media/eventgrid-functionselection.png,low,1
azure-iot-edge-identity-translation-lite,quality,SECURITY.md,high,6
azure-iot-edge-identity-translation-lite,quality,docs/identitytranslationmodule.md,low,1
azure-iot-edge-identity-translation-lite,stakeholders,CODE_OF_CONDUCT.md,very_low,-2
azure-iot-edge-identity-translation-lite,deployment,docs/autodeploy.md,medium,4
azure-iot-edge-identity-translation-lite,deployment,deploy/azuredeploy.json,medium,3
azure-iot-edge-identity-translation-lite,interface,docs/identitytranslationmodule.md,low,1
azure-iotedge,arch_overview,README.md,high,7
azure-iotedge,arch_overview,product-versions.json,low,0
azure-iotedge,quality,SECURITY.md,high,6
azure-iotedge,interface,product-versions.json,low,0
baetyl,arch_overview,README.md,high,7
baetyl,arch_overview,README_CN.md,low,0
baetyl,views,docs/baetyl-arch-v2.svg,medium,4
baetyl,views,docs/logo_with_name.png,low,1
baetyl,deployment,Dockerfile,medium,3
baetyl,deployment,README.md,low,1
baetyl,interface,README.md,low,1
baetyl,interface,README_CN.md,low,0
baetyl,evaluation,README.md,low,1
compage,arch_overview,README.md,high,7
compage,arch_overview,Dockerfile,low,0
compage,quality,SECURITY.md,high,6
compage,quality,README.md,low,1
compage,stakeholders,code-of-conduct.md,low,0
compage,deployment,Dockerfile,medium,3
compage,deployment,internal/languages/dotnet/integrations/kubernetes/copier.go,medium,3
compage,interface,api/v1/project.proto,medium,3
compage,interface,README.md,low,1
dem,arch_overview,docs/Darker_Grotesque/OFL.txt,low,1
dem,arch_overview,docs/basics.md,low,1
dem,views,docs/wp-content/core_class_diagram.png,medium,4
dem,views,docs/wp-content/dem_architecture.png,medium,4
dem,deployment,docs/installation.md,medium,4
dem,deployment,README.md,low,1
dem,interface,docs/design.md,low,1
dem,interface,pyproject.toml,low,0
dem,evaluation,tests/__init__.py,medium,3
dem,evaluation,tests/cli/__init__.py,medium,3
edge-aio-in-a-box,arch_overview,rag-on-edge/code/rag-on-edge-LLM-32core/README.md,high,7
edge-aio-in-a-box,arch_overview,rag-on-edge/code/rag-on-edge-SLM-Phi2/README.md,high,7
edge-aio-in-a-box,quality,readme.md,low,1
edge-aio-in-a-box,stakeholders,runsolution.md,low,0
edge-aio-in-a-box,stakeholders,.github/CODE_OF_CONDUCT.md,very_low,-2
edge-aio-in-a-box,deployment,deployment.md,medium,3
edge-aio-in-a-box,deployment,postdeployment.md,medium,3
edge-aio-in-a-box,interface,readme.md,low,1
edge-aio-in-a-box,interface,.github/PULL_REQUEST_TEMPLATE.md,low,0
edge-aio-in-a-box,evaluation,readme.md,low,1
edge-home-orchestration-go,arch_overview,README.md,high,7
edge-home-orchestration-go,arch_overview,web/README.md,high,7
edge-home-orchestration-go,context,docs/how-to-add-new-platform.md,low,1
edge-home-orchestration-go,context,.github/CONTRIBUTING.md,very_low,-2
edge-home-orchestration-go,views,docs/images/CloudSync/MQTTArchitecture.png,high,7
edge-home-orchestration-go,views,docs/images/Datastorage_architecture.jpg,high,7
edge-home-orchestration-go,quality,.github/SECURITY.md,high,6
edge-home-orchestration-go,quality,README.md,low,1
edge-home-orchestration-go,deployment,deployments/datastorage/docker-compose.yml,high,6
edge-home-orchestration-go,deployment,README.md,low,1
edge-home-orchestration-go,interface,api/cloudsync_api.yaml,medium,3
edge-home-orchestration-go,interface,api/data_storage_api.yaml,medium,3
edge-home-orchestration-go,evaluation,README.md,low,1
edge-home-orchestration-go,evaluation,docs/platforms/hikey960/hikey960.md,low,1
edge-infer,arch_overview,README.md,high,7
edge-infer,arch_overview,edge/enfer_rpi/README.md,high,7
edge-infer,views,docs/edge-mind.svg,low,1
edge-infer,views,docs/logo.svg,low,1
edge-infer,deployment,README.md,low,1
edge-infer,interface,enfer_grpc/proto/tokenizer/tokenizer.proto,medium,3
edge-infer,interface,docs/README.md,low,2
edge-infer,evaluation,enfer_wasm/tests/web.rs,medium,3
edge-infer,evaluation,enfer_wasm/Cargo.toml,low,0
edgeai-gst-apps,deployment,docker/Dockerfile,medium,3
edgeai-gst-apps,deployment,docker/.gitignore,low,0
edgeai-gst-apps,evaluation,tests/datasheet/camera_config.yaml,medium,3
edgeai-gst-apps,evaluation,tests/datasheet/convert_to_datasheet.sh,medium,3
edgehog,arch_overview,backend/docs/pages/architecture/overview.md,high,10
edgehog,arch_overview,README.md,high,7
edgehog,context,LICENSES/CC-BY-4.0.txt,very_low,-2
edgehog,views,backend/docs/image_sources/edgehog_architecture.drawio,high,7
edgehog,views,backend/docs/images/edgehog_architecture.png,high,7
edgehog,quality,SECURITY.md,high,6
edgehog,quality,backend/docs/pages/containers/applications_management.md,low,1
edgehog,stakeholders,CODE_OF_CONDUCT.md,very_low,-2
edgehog,deployment,backend/docs/pages/admin/deploying_with_kubernetes.md,medium,4
edgehog,deployment,backend/docs/pages/containers/deployment_campaigns.md,medium,4
edgehog,interface,backend/priv/astarte_resources/interfaces/io.edgehog.devicemanager.apps.CreateImageRequest.json,medium,3
edgehog,interface,README.md,low,1
edgehog,evaluation,backend/docs/pages/containers/applications_management.md,low,1
edgehog,evaluation,backend/docs/pages/containers/network_management.md,low,1
edgehog-device-runtime,arch_overview,edgehog-device-runtime-forwarder/README.md,high,7
edgehog-device-runtime,arch_overview,doc/Cross.toml,low,1
edgehog-device-runtime,views,edgehog-device-runtime-forwarder/README.md,low,1
edgehog-device-runtime,quality,SECURITY.md,high,6
edgehog-device-runtime,quality,hardware-id-service/README.md,low,1
edgehog-device-runtime,deployment,container/Dockerfile,medium,3
edgehog-device-runtime,deployment,doc/os_requirements.md,low,1
edgehog-device-runtime,interface,README.md,low,1
edgehog-device-runtime,interface,doc/os_requirements.md,low,1
edgehog-device-runtime,evaluation,edgehog-device-runtime-forwarder/tests/http_test.rs,medium,3
edgehog-device-runtime,evaluation,edgehog-device-runtime-forwarder/tests/ws_test.rs,medium,3
edgen,arch_overview,README.md,high,7
edgen,arch_overview,docs/src/app/documentation/api-clients/page.mdx,low,1
edgen,views,docs/assets/edgen_architecture_overview.svg,medium,4
edgen,views,docs/src/components/EdgenAI_dark_colored.svg,low,1
edgen,quality,edgen/src-tauri/tauri.conf.json,low,0
edgen,deployment,README.md,low,1
edgen,deployment,.github/workflows/docs.yml,very_low,-2
edgen,interface,openapi-docs/edgen-api-spec.json,high,6
edgen,interface,openapi-docs/edgen-api-spec.yaml,high,6
edgen,evaluation,crates/edgen_server/tests/common/mod.rs,medium,3
edgen,evaluation,crates/edgen_server/tests/modelmanager_tests.rs,medium,3
edgerunner,arch_overview,CMakePresets.json,low,0
edgerunner,arch_overview,HACKING.md,low,0
edgerunner,deployment,HACKING.md,low,0
edgerunner,interface,README.md,low,1
edgerunner,evaluation,example/README.md,low,1
edgerunner,evaluation,HACKING.md,low,0
ekuiper,arch_overview,README.md,high,7
ekuiper,arch_overview,docs/en_US/api/cli/overview.md,high,7
ekuiper,context,docs/en_US/concepts/rules.md,medium,4
ekuiper,context,docs/en_US/edgex/edgex_source_tutorial.md,medium,4
ekuiper,views,docs/en_US/api/cli/resources/arch.png,medium,4
ekuiper,views,docs/en_US/edgex/arch_dark.png,medium,4
ekuiper,quality,README.md,low,1
ekuiper,quality,deploy/docker/README.md,low,1
ekuiper,stakeholders,docs/en_US/edgex/edgex_source_tutorial.md,medium,4
ekuiper,stakeholders,docs/en_US/sqls/windows.md,low,1
ekuiper,deployment,deploy/docker/Dockerfile,high,6
ekuiper,deployment,deploy/chart/ekuiper/README.md,medium,4
ekuiper,interface,docs/en_US/api/cli/data.md,medium,4
ekuiper,interface,docs/en_US/api/cli/plugins.md,medium,4
ekuiper,evaluation,test/benchmark/multiple_rules/readme.md,high,7
ekuiper,evaluation,test/edgex/benchmark/README.md,high,7
emlearn,arch_overview,docs/classification.rst,low,1
emlearn,arch_overview,docs/optimizing-tree-models.md,low,1
emlearn,views,docs/images/anomaly_score_distribution.png,medium,4
emlearn,views,docs/images/detection_error_tradeoff_curve.png,medium,4
emlearn,stakeholders,docs/model_optimization.rst,low,1
emlearn,interface,docs/source/README.md,low,2
emlearn,interface,README.md,low,1
emlearn,evaluation,docs/anomaly_detection.rst,low,1
emlearn,evaluation,docs/event_detection.rst,low,1
eve,arch_overview,docs/README.md,high,8
eve,arch_overview,README.md,high,7
eve,context,docs/README.md,medium,5
eve,context,README.md,medium,4
eve,views,docs/images/eve-can-case1-model.png,high,7
eve,views,docs/images/eve-can-case2-model.png,high,7
eve,quality,SECURITY.md,high,6
eve,quality,docs/SECURITY-ARCHITECTURE.md,medium,4
eve,stakeholders,docs/ALPINE.md,low,1
eve,stakeholders,docs/CI-CD.md,low,1
eve,deployment,docs/DEPLOYMENT.md,medium,4
eve,deployment,build-tools/src/scripts/Dockerfile,medium,3
eve,interface,docs/api/patch-envelopes.yml,medium,4
eve,interface,pkg/dnsmasq/dnstest/interface.go,medium,3
eve,evaluation,images/modifiers/platform/evaluation/installer.yq,medium,3
eve,evaluation,images/modifiers/platform/evaluation/rootfs-generic.yq,medium,3
executorch,arch_overview,docs/source/backends/template/README.md,high,8
executorch,arch_overview,README.md,high,7
executorch,context,docs/source/concepts.md,medium,4
executorch,context,examples/qualcomm/qaihub_scripts/llama/README.md,medium,4
executorch,views,docs/source/_static/img/concepts-map-overview.png,medium,4
executorch,views,docs/source/_static/img/nxp/example_fully_delegated_model.png,medium,4
executorch,quality,examples/openvino/README.md,low,1
executorch,quality,.github/ISSUE_TEMPLATE/bug-report.yml,low,0
executorch,stakeholders,backends/qualcomm/runtime/backends/direct_mode/README.md,low,1
executorch,stakeholders,docs/source/llm/run-with-c-plus-plus.md,low,1
executorch,deployment,.ci/docker/common/install_android.sh,medium,3
executorch,deployment,.ci/docker/common/install_arm.sh,medium,3
executorch,interface,docs/source/api-life-cycle.md,medium,4
executorch,interface,docs/source/api-section.md,medium,4
executorch,evaluation,.ci/scripts/benchmark_tooling/README.md,high,7
executorch,evaluation,extension/benchmark/README.md,high,7
fabedge,arch_overview,README.md,high,7
fabedge,arch_overview,coredns/plugin/kubernetes/README.md,high,7
fabedge,context,coredns/plugin/kubernetes/README.md,medium,4
fabedge,context,docs/integration/loadbalancer/use-nginx-to-proxy-connector.md,low,1
fabedge,views,docs/images/FabEdge-Arch.png,high,7
fabedge,views,docs/design/images/fabedge-arch.png,medium,4
fabedge,quality,docs/FAQ.md,low,1
fabedge,quality,docs/get-started.md,low,1
fabedge,deployment,docs/obsoleted-doc/install-k8s-and-kubeedge.md,high,7
fabedge,deployment,coredns/plugin/kubernetes/README.md,medium,4
fabedge,interface,coredns/plugin/kubernetes/README.md,low,1
fabedge,interface,docs/design/跨集群服务访问介绍.md,low,1
fabedge,evaluation,README.md,low,1
fabedge,evaluation,coredns/plugin/kubernetes/README.md,low,1
fedn,arch_overview,examples/load-test/README.md,high,7
fedn,arch_overview,docs/architecture.rst,medium,4
fedn,context,examples/FedSimSiam/README.rst,low,0
fedn,views,docs/img/ComputePackageOverview.png,medium,4
fedn,views,docs/img/FEDn-arch-overview.png,medium,4
fedn,quality,SECURITY.md,high,6
fedn,quality,docs/developer.rst,low,1
fedn,stakeholders,docs/introduction.rst,low,1
fedn,stakeholders,CODE_OF_CONDUCT.md,very_low,-2
fedn,deployment,.devcontainer/Dockerfile,medium,3
fedn,deployment,Dockerfile,medium,3
fedn,interface,fedn/network/api/v1/README.md,medium,4
fedn,interface,fedn/network/grpc/fedn.proto,medium,3
fedn,evaluation,.ci/tests/chaos_test.py,medium,3
fedn,evaluation,.ci/tests/examples/api_test.py,medium,3
fledge,arch_overview,.cursor/rules/README.md,high,7
fledge,arch_overview,docs/fledge_architecture.rst,medium,4
fledge,context,docs/91_version_history.rst,low,1
fledge,context,docs/building_pipelines.rst,low,1
fledge,views,docs/images/DashboardSearch.jpg,high,7
fledge,views,docs/images/LathePipeline.jpg,high,7
fledge,adrs,docs/plugin_developers_guide/035_CPP.rst,low,1
fledge,adrs,docs/plugin_developers_guide/037_hybrid_plugins.rst,low,1
fledge,quality,SECURITY.MD,high,6
fledge,quality,docs/monitoring/configuration.rst,medium,4
fledge,stakeholders,docs/plugin_developers_guide/08_storage.rst,medium,4
fledge,stakeholders,.cursor/rules/README.md,low,1
fledge,deployment,.cursor/rules/README.md,low,1
fledge,deployment,docs/building_fledge/building_fledge.rst,low,1
fledge,interface,.cursor/rules/README.md,low,1
fledge,interface,docs/91_version_history.rst,low,1
fledge,evaluation,tests/system/python/e2e/docs/test_e2e_coap_PI.rst,medium,4
fledge,evaluation,tests/system/python/e2e/docs/test_e2e_csv_PI.rst,medium,4
flogo,arch_overview,README.md,high,7
flogo,arch_overview,samples/pubnub/README.md,high,7
flogo,context,CONTRIBUTING.md,very_low,-2
flogo,views,docs/static/images/get-started/012-diagram.svg,medium,4
flogo,views,docs/static/images/Flynn1.png,low,1
flogo,quality,samples/pubnub/README.md,low,1
flogo,stakeholders,samples/tensorflow/cnnUnitTest/README.md,low,1
flogo,deployment,docs/content/deployments/_index.md,medium,4
flogo,deployment,docs/content/labs/kubernetes.md,medium,4
flogo,interface,docs/themes/hugo-theme-learn/README.md,low,2
flogo,interface,README.md,low,1
flogo,evaluation,docs/content/development/flows/mapping.md,low,1
flogo,evaluation,docs/content/labs/building-activities.md,low,1
fogflow,arch_overview,README.md,high,7
fogflow,arch_overview,broker/README.md,high,7
fogflow,context,docs/tutorial/fogflow.md,medium,4
fogflow,context,docs/en/source/index.rst,low,1
fogflow,views,docs/en/source/figures/Crop_prediction_topology.png,medium,4
fogflow,views,docs/en/source/figures/Fogflow_System_Monitoring_Architecture.png,medium,4
fogflow,quality,README.md,low,1
fogflow,quality,docs/en/source/core_concept.rst,low,1
fogflow,stakeholders,docs/en/source/introduction.rst,low,1
fogflow,deployment,deployment/docker/cloud-node/docker-compose.yml,high,6
fogflow,deployment,deployment/docker/edge-node/docker-compose.yml,high,6
fogflow,interface,docs/swagger-api/ngsi10.yaml,high,7
fogflow,interface,docs/swagger-api/ngsi9.yaml,high,7
fogflow,evaluation,application/operator/NGSI-LD-Adapter/tests/__init__.py,medium,3
fogflow,evaluation,application/operator/NGSI-LD-Adapter/tests/data.py,medium,3
hal-9100,arch_overview,README.md,high,7
hal-9100,arch_overview,ee/k8s/README.md,high,7
hal-9100,context,CONTRIBUTING.md,very_low,-2
hal-9100,quality,README.md,low,1
hal-9100,deployment,ee/k8s/README.md,medium,4
hal-9100,deployment,docker/Dockerfile,medium,3
hal-9100,interface,openai-openapi.yaml,high,6
hal-9100,interface,.github/workflows/update-openapi.yaml,medium,4
hal-9100,evaluation,README.md,low,1
hal-9100,evaluation,examples/README.md,low,1
heartkit,arch_overview,README.md,high,7
heartkit,arch_overview,docs/index.md,medium,4
heartkit,context,docs/tasks/index.md,medium,4
heartkit,views,docs/assets/guides/heartkit-architecture.svg,medium,4
heartkit,views,docs/assets/tasks/heartkit-task-diagram.svg,medium,4
heartkit,deployment,README.md,low,1
heartkit,deployment,docs/index.md,low,1
heartkit,interface,heartkit/backends/GenericDataOperations_EvbToPc/interface.py,medium,3
heartkit,interface,heartkit/backends/GenericDataOperations_PcToEvb/interface.py,medium,3
heartkit,evaluation,tests/__init__.py,medium,3
heartkit,evaluation,tests/app_test.py,medium,3
inngest,arch_overview,README.md,high,7
inngest,arch_overview,docs/DEVSERVER_ARCHITECTURE.md,high,7
inngest,context,ui/apps/dashboard/src/lib/inngest/functions/agents/event-matcher/system.md,low,0
inngest,context,.github/workflows/dispatch_upstream.yml,very_low,-2
inngest,quality,SECURITY.md,high,6
inngest,quality,.github/workflows/security.yaml,low,1
inngest,stakeholders,docs/PULL_REQUEST_GUIDELINES.md,low,1
inngest,stakeholders,pkg/api/v2/README.md,low,1
inngest,deployment,.devcontainer/Dockerfile,medium,3
inngest,deployment,Dockerfile,medium,3
inngest,interface,docs/IMPLEMENTING_NEW_REST_API_V2_ENDPOINTS.md,medium,4
inngest,interface,docs/OPENAPI_WORKFLOW.md,medium,4
inngest,evaluation,tests/js/README.md,medium,4
inngest,evaluation,pkg/cuedefs/tests/minimal.cue,medium,3
iotedge-eflow,arch_overview,eflowautodeploy/README.md,high,7
iotedge-eflow,arch_overview,samples/README.md,high,7
iotedge-eflow,context,samples/interop-textmsg-consoleapp/README.md,medium,4
iotedge-eflow,context,samples/edge-ai-welding-demo/src/deployment.template.json,low,0
iotedge-eflow,views,samples/camera-over-rtsp/docs/CameraAndResolution.png,low,1
iotedge-eflow,views,samples/camera-over-rtsp/docs/RTSPVideoStreamer.jpg,low,1
iotedge-eflow,quality,SECURITY.md,high,6
iotedge-eflow,quality,README.md,low,1
iotedge-eflow,stakeholders,README.md,low,1
iotedge-eflow,deployment,eflowautodeploy/README.md,medium,4
iotedge-eflow,deployment,samples/interop-customvision-textmsg-uwpapp/Documentation/Deploy the Modules onto the IoT Edge Device.MD,medium,3
iotedge-eflow,interface,samples/interop-textmsg-consoleapp/README.md,low,1
iotedge-eflow,interface,samples/edge-ai-welding-demo/simulator_configs/simulator_ui.json,low,0
iotedge-lorawan-starterkit,arch_overview,README.md,high,7
iotedge-lorawan-starterkit,arch_overview,TemplateBicep/README.md,high,7
iotedge-lorawan-starterkit,context,Tools/Cli-LoRa-Device-Provisioning/LoRaWan.Tools.CLI/gateway-deployment-template.json,low,0
iotedge-lorawan-starterkit,context,.github/workflows/create_release.yaml,very_low,-2
iotedge-lorawan-starterkit,views,LoRaEngine/diagrams/BasicClassDiagram.cd,low,0
iotedge-lorawan-starterkit,adrs,LoRaEngine/modules/LoRaWanNetworkSrvModule/LoRaWan.NetworkServer/ADR/ILoRAADRManagerFactory.cs,medium,3
iotedge-lorawan-starterkit,adrs,LoRaEngine/modules/LoRaWanNetworkSrvModule/LoRaWan.NetworkServer/ADR/LoRAADRManagerFactory.cs,medium,3
iotedge-lorawan-starterkit,quality,SECURITY.md,high,6
iotedge-lorawan-starterkit,quality,.github/workflows/codeql-analysis.yml,very_low,-2
iotedge-lorawan-starterkit,deployment,.github/actions/deployedge/action.yml,medium,3
iotedge-lorawan-starterkit,deployment,.github/actions/iotedgedev/dockerfile,medium,3
iotedge-lorawan-starterkit,interface,TemplateBicep/README.md,low,1
iotedge-lorawan-starterkit,evaluation,Tests/E2E/README.md,medium,4
iotedge-lorawan-starterkit,evaluation,Tests/.editorconfig,medium,3
jevois,arch_overview,CMakeLists.txt,very_low,-2
jevois,arch_overview,include/CMakeLists.txt,very_low,-2
jevois,context,CMakeModules/README.md,medium,4
jevois,interface,Contrib/imgui-filebrowser/README.md,low,1
jevois,evaluation,Contrib/ImGuiColorTextEdit/README.md,low,1
kantv,arch_overview,README.md,high,7
kantv,arch_overview,android/kantvplayer-exo2/extensions/flac/README.md,high,7
kantv,context,README.md,medium,4
kantv,context,android/kantvplayer-exo2/extensions/cronet/README.md,medium,4
kantv,views,docs/kantv-logo.png,low,1
kantv,views,android/kantvplayer-lib/src/main/java/kantvai/tool/skinsupport/design/SkinMaterialManager.java,low,0
kantv,quality,release/README.md,low,1
kantv,quality,prebuilts/Hexagon_SDK/6.2.0.1/incs/HAP_vtcm_mgr.md,low,0
kantv,stakeholders,release/README.md,low,1
kantv,deployment,core/ggml/stablediffusioncpp/README.md,low,1
kantv,deployment,core/ncnn/ncnn-src/docs/how-to-use-and-FAQ/quantized-int8-inference.md,low,1
kantv,interface,README.md,low,1
kantv,interface,android/kantvplayer-exo2/extensions/av1/README.md,low,1
kantv,evaluation,core/ncnn/ncnn-src/benchmark/README.md,high,7
kantv,evaluation,core/ncnn/ncnn-src/benchmark/RankCards/README.md,high,7
keylime,arch_overview,README.md,high,7
keylime,arch_overview,docs/design/overview.rst,medium,4
keylime,context,docs/user_guide/user_selected_pcr_monitoring.rst,low,1
keylime,context,TESTING.md,low,0
keylime,views,docs/assets/attesting-environments-diagram.svg,medium,4
keylime,views,docs/assets/push-model-architecture.svg,medium,4
keylime,quality,docs/design/security.rst,medium,4
keylime,quality,docs/security.rst,medium,4
keylime,stakeholders,CODE_OF_CONDUCT.md,very_low,-2
keylime,deployment,docker/ci/Dockerfile,medium,3
keylime,deployment,docs/design/push_model.rst,low,1
keylime,interface,README.md,low,1
keylime,interface,docs/design/overview.rst,low,1
keylime,evaluation,docs/design/security.rst,low,1
keylime,evaluation,pyproject.toml,low,0
kubeedge,arch_overview,docs/proposals/sig-cluster-lifecycle/6314-use-keadm-to-manage-windows-node/README.md,high,8
kubeedge,arch_overview,docs/proposals/sig-device-iot/6312-device-anomaly-detection-framework/README.md,high,8
kubeedge,context,docs/proposals/sig-device-iot/6312-device-anomaly-detection-framework/README.md,medium,5
kubeedge,context,docs/proposals/sig-node/5999-edge-node-tasks-ststus-enhancement/README.md,medium,5
kubeedge,views,docs/images/EdgeSite_arch.PNG,high,7
kubeedge,views,docs/images/KubeEdge_arch.svg,high,7
kubeedge,quality,.github/SECURITY.md,high,6
kubeedge,quality,docs/proposals/sig-security/authentication-and-authorization-on-the-edge-node.md,medium,4
kubeedge,deployment,manifests/charts/cloudcore/README.md,medium,4
kubeedge,deployment,manifests/charts/edgemesh/README.md,medium,4
kubeedge,interface,staging/src/github.com/kubeedge/api/apidoc/generated/swagger/swagger.json,high,6
kubeedge,interface,apidoc/README.md,medium,4
kubeedge,evaluation,tests/OWNERS,medium,3
kubeedge,evaluation,tests/e2e/OWNERS,medium,3
kura,arch_overview,README.md,high,7
kura,arch_overview,AGENTS.md,low,0
kura,quality,SECURITY.md,high,6
kura,quality,README.md,low,1
kura,stakeholders,target-platform/org.moka7/about_files/lgpl-3.0.txt,low,0
kura,stakeholders,CODE_OF_CONDUCT.md,very_low,-2
kura,deployment,kura/org.eclipse.kura.api/src/main/java/org/eclipse/kura/deployment/hook/DeploymentHook.java,medium,3
kura,deployment,kura/org.eclipse.kura.api/src/main/java/org/eclipse/kura/deployment/hook/RequestContext.java,medium,3
kura,interface,kura/org.eclipse.kura.cloudconnection.eclipseiot.mqtt.provider/src/main/protobuf/kurapayload.proto,medium,3
kura,interface,kura/org.eclipse.kura.cloudconnection.kapua.mqtt.provider/src/main/protobuf/kurapayload.proto,medium,3
kura,evaluation,kura/tools/kura-addon-archetype/src/main/resources/archetype-resources/tests/__package__.test/integration-test.bndrun,medium,3
kura,evaluation,kura/tools/kura-addon-archetype/src/main/resources/archetype-resources/tests/__package__.test/pom.xml,medium,3
loxilb,arch_overview,README.md,high,7
loxilb,arch_overview,ADOPTERS.md,low,0
loxilb,quality,SECURITY.md,high,6
loxilb,quality,README.md,low,1
loxilb,stakeholders,GOVERNANCE.md,low,0
loxilb,stakeholders,CONTRIBUTING.md,very_low,-2
loxilb,deployment,cicd/k8s-nat64/llb1/docker-compose.yml,high,6
loxilb,deployment,cicd/k8s-nat64/llb2/docker-compose.yml,high,6
loxilb,interface,api/swagger.yml,high,6
loxilb,interface,pkg/loxinet/xsync.proto,medium,3
loxilb,evaluation,README.md,low,1
loxilb,evaluation,cicd/perf/run_wrk.sh,low,0
luos_engine,arch_overview,examples/README.md,high,7
luos_engine,arch_overview,examples/projects/ESP32/led/lib/led_strip/README.md,high,7
luos_engine,quality,examples/apps/biometric-security/library.json,low,0
luos_engine,quality,examples/projects/SAMD21XPLAINED/Bootloader/firmware/src/config/default/default.mhc/project.yml,low,0
luos_engine,stakeholders,CODE_OF_CONDUCT.md,very_low,-2
luos_engine,deployment,examples/projects/native/gate_wscom/.docker/Dockerfile,medium,3
luos_engine,deployment,examples/projects/native/ping_pong/.docker/Dockerfile,medium,3
luos_engine,interface,examples/apps/README.md,low,1
luos_engine,interface,examples/projects/ESP32/led/lib/led_strip/README.md,low,1
magistrala,arch_overview,README.md,high,7
magistrala,arch_overview,alarms/README.md,high,7
magistrala,context,CONTRIBUTING.md,very_low,-2
magistrala,quality,README.md,low,1
magistrala,quality,apidocs/asyncapi/mqtt.yaml,low,0
magistrala,stakeholders,apidocs/openapi/bootstrap.yaml,low,0
magistrala,stakeholders,apidocs/openapi/readers.yaml,low,0
magistrala,deployment,docker/Dockerfile,medium,3
magistrala,deployment,docker/addons/bootstrap/docker-compose.yaml,medium,3
magistrala,interface,apidocs/openapi/alarms.yaml,high,6
magistrala,interface,apidocs/openapi/bootstrap.yaml,high,6
magistrala,evaluation,README.md,low,1
magistrala,evaluation,apidocs/openapi/bootstrap.yaml,low,0
microflow-rs,arch_overview,README.md,high,7
microflow-rs,arch_overview,examples/arduino-uno/rust-toolchain.toml,low,0
microflow-rs,evaluation,analysis/performance/data/person-detect-esp32-microflow.csv,medium,3
microflow-rs,evaluation,analysis/performance/data/person-detect-esp32-tflm.csv,medium,3
microshift,arch_overview,README.md,high,7
microshift,arch_overview,ansible/README.md,high,7
microshift,context,cockpit-plugin/README.md,medium,4
microshift,context,test/image-blueprints-bootc/README.md,medium,4
microshift,views,docs/images/ovn_topology.svg,high,7
microshift,views,docs/images/certrotation.png,medium,4
microshift,quality,docs/user/howto_pod_security.md,medium,4
microshift,quality,assets/controllers/cluster-policy-controller/namespace-security-allocation-controller-clusterrole.yaml,medium,3
microshift,stakeholders,.claude/commands/analyze-sos-report.md,low,0
microshift,deployment,docs/contributor/network/ovn_kubernetes_traffic_flows.md,medium,4
microshift,deployment,assets/components/csi-snapshot-controller/csi_controller_deployment.yaml,medium,3
microshift,interface,cmd/generate-config/config/config-openapi-spec.json,high,6
microshift,interface,docs/contributor/enabled_apis.md,medium,4
microshift,evaluation,test/README.md,medium,4
microshift,evaluation,scripts/ci-ai-model-serving/tests/01-verify-nvidia-gpu.sh,medium,3
mindspore,arch_overview,README.md,high,7
mindspore,arch_overview,mindspore/lite/README.md,high,7
mindspore,context,CONTRIBUTING_CN.md,low,0
mindspore,context,CONTRIBUTING.md,very_low,-2
mindspore,views,docs/MindSpore-Lite-architecture.png,medium,4
mindspore,views,docs/MindSpore-architecture-zh.png,medium,4
mindspore,adrs,tests/ut/data/mindrecord/testAclImdbData/pos/1000_8.txt,low,0
mindspore,quality,SECURITY.md,high,6
mindspore,quality,.gitee/PULL_REQUEST_TEMPLATE.en.md,low,0
mindspore,deployment,scripts/docker/mindspore-cpu/0.1.0-alpha/Dockerfile,medium,3
mindspore,deployment,scripts/docker/mindspore-cpu/0.2.0-alpha/Dockerfile,medium,3
mindspore,interface,docs/api/api_python/samples/ops/communicate_ops.md,medium,4
mindspore,interface,docs/api/api_python/samples/rewrite/rewrite_tutorial.md,medium,4
mindspore,evaluation,mindspore/python/mindspore/profiler/profiling.py,high,6
mindspore,evaluation,tests/st/graph_kernel/test_dvm_profiler.py,high,6
model_server,arch_overview,README.md,high,7
model_server,arch_overview,demos/age_gender_recognition/python/README.md,high,7
model_server,context,demos/continuous_batching/scaling/README.md,medium,4
model_server,context,demos/mediapipe/holistic_tracking/README.md,medium,4
model_server,views,docs/ovms_diagram.png,medium,4
model_server,views,docs/streaming_diagram.svg,medium,4
model_server,quality,security.md,high,6
model_server,quality,docs/security_considerations.md,medium,4
model_server,stakeholders,docs/metrics.md,low,1
model_server,stakeholders,docs/model_version_policy.md,low,1
model_server,deployment,docs/deploying_server.md,medium,4
model_server,deployment,docs/deploying_server_baremetal.md,medium,4
model_server,interface,client/cpp/kserve-api/README.md,medium,4
model_server,interface,client/go/kserve-api/README.md,medium,4
model_server,evaluation,demos/benchmark/README.md,high,7
model_server,evaluation,demos/benchmark/python/README.md,high,7
montithings,arch_overview,services/prolog-generator/docs/examples/distribution_config/readme.md,high,8
montithings,arch_overview,README.md,high,7
montithings,views,docs/DSLExampleOverview.png,medium,4
montithings,views,docs/HierarchyDouble.png,medium,4
montithings,quality,generators/montithings2cpp/src/main/resources/test/gtests/lib/googletest/docs/advanced.md,low,1
montithings,quality,generators/montithings2cpp/src/main/resources/test/gtests/lib/googletest/docs/primer.md,low,1
montithings,stakeholders,generators/montithings2cpp/src/main/resources/test/gtests/lib/googlemock/docs/cook_book.md,low,1
montithings,deployment,docs/install/azure.md,medium,4
montithings,deployment,docs/install/docker.md,medium,4
montithings,interface,tools/openapi-generator/src/test/resources/openapi/SmartDoor.json,high,6
montithings,interface,services/prolog-generator/docs/manager/api.md,medium,4
montithings,evaluation,generators/montithings2cpp/src/main/resources/test/gtests/lib/googlemock/docs/cook_book.md,medium,4
montithings,evaluation,README.md,low,1
nabto-embedded-sdk,arch_overview,README.md,high,7
nabto-embedded-sdk,arch_overview,platform_integration_example/README.md,high,7
nabto-embedded-sdk,quality,.devcontainer/devcontainer.json,low,0
nabto-embedded-sdk,deployment,build-scripts/devenv/Dockerfile,medium,3
nabto-embedded-sdk,deployment,build-scripts/devenv/docker-compose.yml,medium,3
nabto-embedded-sdk,interface,test/low_lvl_api_tester/README.md,medium,4
nabto-embedded-sdk,interface,README.md,low,1
nabto-embedded-sdk,evaluation,test_cpp/tests/api/attached_test_device.hpp,medium,3
nabto-embedded-sdk,evaluation,test_cpp/tests/api/authorization_test.cpp,medium,3
nanomq,arch_overview,README.md,high,7
nanomq,arch_overview,docs/en_US/bridges/quic-bridge.md,low,1
nanomq,context,docs/en_US/bridges/introduction.md,low,1
nanomq,context,docs/en_US/quic/quic-doc.md,low,1
nanomq,views,docs/en_US/assets/architecture.png,medium,4
nanomq,views,docs/en_US/bridges/assets/aws_create_obj.png,low,1
nanomq,quality,SECURITY.md,high,6
nanomq,quality,docs/en_US/access-control/introduction.md,low,1
nanomq,deployment,deploy/docker/Dockerfile,high,6
nanomq,deployment,docs/en_US/installation/docker.md,medium,4
nanomq,interface,docs/en_US/api/introduction.md,medium,4
nanomq,interface,docs/en_US/api/v1.md,medium,4
nanomq,evaluation,docs/en_US/test-report.md,medium,4
nanomq,evaluation,docs/zh_CN/test-report.md,medium,4
open-horizon,arch_overview,README.md,high,7
open-horizon,arch_overview,exchange/README.md,high,7
open-horizon,views,docs/nano-diagram.png,medium,4
open-horizon,views,docs/catalog.png,low,1
open-horizon,quality,docs/DESIGN.md,low,1
open-horizon,quality,setup/NETWORK.md,low,0
open-horizon,deployment,services/alpr/Dockerfile,medium,3
open-horizon,deployment,services/alpr4motion/Dockerfile,medium,3
open-horizon,interface,docs/BACKGROUND.md,low,1
open-horizon,interface,docs/BUILD.md,low,1
open-horizon,evaluation,docs/DESIGN.md,low,1
open-horizon,evaluation,docs/EXAMPLES.md,low,1
openvino_testdrive,arch_overview,README.md,high,7
openvino_testdrive,arch_overview,openvino_bindings/docs/WINDOWS.md,low,1
openvino_testdrive,quality,security.md,high,6
openvino_testdrive,quality,.github/workflows/security-scan.yaml,low,1
openvino_testdrive,deployment,README.md,low,1
openvino_testdrive,interface,openvino_bindings/src/mediapipe/inference/openvino_inference_adapter_calculator.proto,medium,3
openvino_testdrive,interface,openvino_bindings/src/mediapipe/utils/emptylabel.proto,medium,3
openvino_testdrive,evaluation,README.md,low,1
openvino_testdrive,evaluation,linux/CMakeLists.txt,very_low,-2
piccolo,arch_overview,docs/README.md,high,8
piccolo,arch_overview,docs/adding-platforms/architecture.rst,medium,4
piccolo,views,docs/source/analytics-studio/img/analytics-studio-build-model-pipeline-settings.png,medium,4
piccolo,views,docs/source/analytics-studio/img/analytics-studio-build-model-run-pipeline-button.png,medium,4
piccolo,quality,README.md,low,1
piccolo,quality,docs/.devcontainer/devcontainer.json,low,1
piccolo,stakeholders,docs/source/firmware/m5stack-m5stickc-plus/m5stickc-plus.rst,low,1
piccolo,deployment,docs/Dockerfile,medium,4
piccolo,deployment,docs/docker-compose.yml,medium,4
piccolo,interface,README.md,low,1
piccolo,interface,docs/source/analytics-studio/release-notes.rst,low,1
piccolo,evaluation,func_tests/pytest_tests/profiling_tests/README.md,high,7
piccolo,evaluation,docs/source/analytics-studio/testing-a-model-using-the-analytics-studio.rst,medium,4
pipy,arch_overview,samples/bgp/README.md,high,7
pipy,arch_overview,docs/guides/07-plugins.mdx,low,1
pipy,context,samples/serve/README.md,medium,4
pipy,context,docs/guides/07-plugins.mdx,low,1
pipy,views,docs/intro/module-pipeline-context.svg,medium,4
pipy,views,docs/intro/pipeline-filters.svg,medium,4
pipy,quality,SECURITY.md,high,6
pipy,quality,README.md,low,1
pipy,stakeholders,docs/guides/12-jwt.mdx,low,1
pipy,stakeholders,CODE_OF_CONDUCT.md,very_low,-2
pipy,deployment,Dockerfile,medium,3
pipy,deployment,rpm/Dockerfile,medium,3
pipy,interface,test/codec/protobuf/addressbook.proto,medium,3
pipy,interface,README.md,low,1
pipy,evaluation,test/benchmark/001-tcp/main.js,medium,3
pipy,evaluation,test/benchmark/002-http-codec/main.js,medium,3
redpanda-edge-agent,arch_overview,kubernetes/README.md,high,7
redpanda-edge-agent,deployment,kubernetes/README.md,medium,4
redpanda-edge-agent,deployment,docker/Dockerfile,medium,3
redpanda-edge-agent,interface,README.md,low,1
rhel-edge-automation-arch,arch_overview,README.md,high,7
rhel-edge-automation-arch,arch_overview,docs/basic-walkthrough.md,low,1
rhel-edge-automation-arch,quality,charts/nexus/templates/nexus-setup-job.yaml,low,0
rhel-edge-automation-arch,quality,charts/odf/templates/noobaa.yaml,low,0
rhel-edge-automation-arch,deployment,charts/ansible-rfe-runner/Chart.yaml,medium,3
rhel-edge-automation-arch,deployment,charts/ansible-rfe-runner/templates/ansible-rfe-runner-buildconfig.yaml,medium,3
rhel-edge-automation-arch,interface,ansible/roles/quay-raw-api/tasks/main.yaml,medium,3
rhel-edge-automation-arch,interface,README.md,low,1
saf,views,docs/diagrams/saf-overview.drawio,high,7
saf,views,docs/diagrams/saf-di-container-overview.svg,medium,4
saf,interface,.github/workflows/dotnet-core.yml,very_low,-2
saf,evaluation,LICENSES/MPL-2.0.txt,very_low,-2
salt,arch_overview,agents/README.md,high,7
salt,arch_overview,agents/docs/architecture.md,high,7
salt,context,doc/topics/development/tutorial.rst,medium,4
salt,context,doc/topics/tutorials/esxi_proxy_minion.rst,medium,4
salt,views,pkg/old/arch/Makefile,low,0
salt,views,pkg/old/arch/PKGBUILD,low,0
salt,adrs,rfcs/0000-template.md,low,0
salt,adrs,rfcs/0001-adding-package-logic-to-loader.md,low,0
salt,quality,SECURITY.md,high,6
salt,quality,agents/docs/troubleshooting.md,medium,4
salt,stakeholders,doc/topics/tutorials/firewall.rst,medium,4
salt,stakeholders,doc/topics/tutorials/minionfs.rst,medium,4
salt,deployment,salt/cloud/deploy/Arch-git.sh,medium,3
salt,deployment,salt/cloud/deploy/Arch.sh,medium,3
salt,interface,rfcs/0003-api-unification.md,medium,3
salt,interface,agents/docs/architecture.md,low,1
salt,evaluation,agents/docs/testing.md,medium,4
salt,evaluation,doc/topics/development/tests/index.rst,medium,4
self,arch_overview,RELEASE.md,low,0
self,context,etc/shared/www/css/fonts/LICENSE.txt,very_low,-2
self,context,etc/shared/www/dashboard/bower_components/bootstrap-material-design-icons/fonts/LICENSE.txt,very_low,-2
self,quality,SECURITY.md,high,6
self,quality,etc/shared/gestures/cognitive-room.json,low,0
self,deployment,RELEASE.md,low,0
self,interface,etc/shared/bootstrap.json,low,0
self,interface,etc/shared/gestures/cognitive-room.json,low,0
self,evaluation,etc/tests/TestHiltonNLC_questions.csv,medium,3
self,evaluation,etc/tests/audio_files/42509-42509_20160512T112101_338.raw,medium,3
shifu,arch_overview,docs/README.md,high,8
shifu,arch_overview,README.md,high,7
shifu,views,docs/design/README.md,low,2
shifu,views,docs/design/design-customized-deviceshifu.md,low,1
shifu,quality,examples/lwM2MDeviceShifuWithSecurity/lwM2M/lwm2m-deviceshifu-service.yaml,medium,3
shifu,quality,examples/lwM2MDeviceShifuWithSecurity/mockdevice/lwm2m-mock.yaml,medium,3
shifu,stakeholders,docs/design/shifu-framework/telemetry-service-TDEngine.md,low,1
shifu,stakeholders,CODE_OF_CONDUCT.md,very_low,-2
shifu,deployment,pkg/k8s/crd/Dockerfile,high,6
shifu,deployment,pkg/k8s/crd/README.md,medium,4
shifu,interface,docs/WOT_technical.md,low,1
shifu,interface,docs/design/design-deviceShifu-zh.md,low,1
shifu,evaluation,docs/design/shifu-framework/telemetry-secret.md,low,1
shifu,evaluation,docs/development/develop-on-linux-zh.md,low,1
simpleiot,arch_overview,docs/adr/README.md,high,8
simpleiot,arch_overview,README.md,high,7
simpleiot,context,test/README.md,medium,4
simpleiot,context,docs/adr/2-authz.md,low,1
simpleiot,views,docs/diagrams.drawio,high,7
simpleiot,views,docs/images/configure-canbus-node.png,medium,4
simpleiot,adrs,docs/adr/README.md,medium,5
simpleiot,adrs,docs/adr/1-consider-changing-point-data-type.md,medium,4
simpleiot,quality,docs/ref/security.md,high,7
simpleiot,quality,docs/ref/reliability.md,medium,4
simpleiot,stakeholders,docs/adr/1-consider-changing-point-data-type.md,low,1
simpleiot,stakeholders,docs/adr/4-time.md,low,1
simpleiot,deployment,docs/ref/api.md,low,1
simpleiot,deployment,docs/ref/architecture-app.md,low,1
simpleiot,interface,docs/ref/api.md,medium,4
simpleiot,interface,internal/pb/file-chunk.proto,medium,3
simpleiot,evaluation,frontend/tests/README.md,medium,4
simpleiot,evaluation,frontend/tests/Duration.elm,medium,3
sleepkit,arch_overview,README.md,high,7
sleepkit,arch_overview,docs/index.md,medium,4
sleepkit,views,docs/assets/tasks/sleepkit-task-diagram.svg,medium,4
sleepkit,views,docs/assets/favicon.png,low,1
sleepkit,quality,docs/tasks/stage.md,low,1
sleepkit,deployment,README.md,low,1
sleepkit,deployment,docs/index.md,low,1
sleepkit,interface,sleepkit/backends/GenericDataOperations_EvbToPc/interface.py,medium,3
sleepkit,interface,sleepkit/backends/GenericDataOperations_PcToEvb/interface.py,medium,3
sleepkit,evaluation,tests/__init__.py,medium,3
sleepkit,evaluation,tests/app_test.py,medium,3
smart-social-distancing,arch_overview,README.md,high,7
smart-social-distancing,quality,README.md,low,1
smart-social-distancing,stakeholders,README.md,low,1
smart-social-distancing,stakeholders,CODE_OF_CONDUCT.md,very_low,-2
smart-social-distancing,deployment,docker-compose.yml,medium,3
smart-social-distancing,deployment,README.md,low,1
smart-social-distancing,interface,README.md,low,1
smart-social-distancing,interface,api/tests/data/config-x86-openvino_EMPTY.ini,very_low,-2
smart-social-distancing,evaluation,api/tests/README.md,medium,4
smart-social-distancing,evaluation,api/tests/__init__.py,medium,3
supermq,arch_overview,README.md,high,7
supermq,arch_overview,auth/README.md,high,7
supermq,context,CONTRIBUTING.md,very_low,-2
supermq,quality,README.md,low,1
supermq,quality,auth/README.md,low,1
supermq,stakeholders,apidocs/openapi/channels.yaml,low,0
supermq,stakeholders,apidocs/openapi/clients.yaml,low,0
supermq,deployment,docker/Dockerfile,medium,3
supermq,deployment,docker/addons/certs/Dockerfile,medium,3
supermq,interface,apidocs/openapi/auth.yaml,high,6
supermq,interface,apidocs/openapi/channels.yaml,high,6
supermq,evaluation,auth/README.md,low,1
supermq,evaluation,pkg/README.md,low,1
tflite_beam,arch_overview,README.md,high,7
tflite_beam,interface,CHANGELOG.md,very_low,-4
tflite_elixir,arch_overview,README.md,high,7
thin-edge.io,arch_overview,README.md,high,7
thin-edge.io,arch_overview,configuration/package_scripts/README.md,high,7
thin-edge.io,context,mk/README.md,medium,4
thin-edge.io,context,docs/src/references/mappers/mqtt-topics.md,low,1
thin-edge.io,views,docs/src/understand/images/simple-device-model.svg,medium,4
thin-edge.io,views,design/diagrams/actor.svg,medium,3
thin-edge.io,adrs,design/decisions/0001.md,low,0
thin-edge.io,adrs,design/decisions/0002-mqtt-topic-schema.md,low,0
thin-edge.io,quality,docs/src/operate/security/certificate-signing-request.md,medium,4
thin-edge.io,quality,docs/src/operate/security/cloud-authentication.md,medium,4
thin-edge.io,stakeholders,docs/src/references/software-management-plugin-api.md,low,1
thin-edge.io,stakeholders,GOVERNANCE.md,low,0
thin-edge.io,deployment,kubernetes/README.md,medium,4
thin-edge.io,deployment,.devcontainer/Dockerfile,medium,3
thin-edge.io,interface,docs/src/operate/entity-management/mqtt_api.md,medium,4
thin-edge.io,interface,docs/src/operate/entity-management/rest_api.md,medium,4
thin-edge.io,evaluation,tests/RobotFramework/tests/cumulocity/benchmarks/benchmark.py,high,6
thin-edge.io,evaluation,docs/src/operate/c8y/cloud-profiles.md,medium,4
tokay-lite-sdk,arch_overview,webserver/CMakeLists.txt,very_low,-2
trusted-connector,arch_overview,README.md,high,7
trusted-connector,arch_overview,camel-influxdb/README.md,high,7
trusted-connector,context,ids-container-manager/src/main/proto/guestos.proto,low,0
trusted-connector,quality,Dockerfile,low,0
trusted-connector,quality,gradle/libs.versions.toml,low,0
trusted-connector,deployment,Dockerfile,medium,3
trusted-connector,deployment,docker-build/Dockerfile,medium,3
trusted-connector,interface,ids-container-manager/src/main/proto/common/logf.proto,medium,3
trusted-connector,interface,ids-container-manager/src/main/proto/container.proto,medium,3
trusted-connector,evaluation,examples/src/main/resources/example-ids-multipart-uc/README.md,low,1
trusted-connector,evaluation,examples/src/main/resources/example-ids-multipart/README.md,low,1
viseron,arch_overview,docs/README.md,high,8
viseron,arch_overview,README.md,high,7
viseron,views,docs/static/img/logos/codeprojectai.png,low,1
viseron,views,docs/static/img/logos/compreface.png,low,1
viseron,quality,docs/docs/documentation/configuration/authentication.md,low,1
viseron,quality,docs/src/pages/components-explorer/components/webserver/config.json,low,1
viseron,deployment,azure-pipelines/docker-compose-build.yaml,medium,3
viseron,deployment,docker/Dockerfile,medium,3
viseron,interface,docs/docs/documentation.md,low,1
viseron,interface,docs/docs/documentation/configuration/recordings.mdx,low,1
viseron,evaluation,tests/components/webserver/api/v1/test_profile.py,high,6
viseron,evaluation,frontend/e2e/tests/docs.spec.ts,medium,3
xsai,arch_overview,docs/components.json,low,1
xsai,arch_overview,docs/content/docs/index.mdx,low,1
xsai,deployment,CONTRIBUTING.md,very_low,-2
xsai,interface,README.md,low,1
xsai,interface,docs/content/docs/index.mdx,low,1
yomo,arch_overview,README.md,high,7
yomo,arch_overview,pkg/bridge/ai/provider/ollama/Readme.md,high,7
yomo,views,docs/images/yomo-logo.png,medium,4
yomo,quality,README.md,low,1
yomo,quality,docs/api-ref/openapi.yaml,low,1
yomo,stakeholders,CODE_OF_CONDUCT.md,very_low,-2
yomo,stakeholders,CONTRIBUTING.md,very_low,-2
yomo,deployment,Dockerfile,medium,3
yomo,deployment,README.md,low,1
yomo,interface,docs/api-ref/openapi.yaml,high,7
yomo,interface,README.md,low,1
yomo,evaluation,README.md,low,1
yomo,evaluation,.golangci.yml,low,0
zilla,arch_overview,README.md,high,7
zilla,arch_overview,cloud/helm-chart/src/main/helm/zilla/README.md,high,7
zilla,views,specs/binding-http.spec/src/main/scripts/io/aklivity/zilla/specs/binding/http/streams/application/rfc7230/architecture/request.and.response/client.rpt,low,0
zilla,views,specs/binding-http.spec/src/main/scripts/io/aklivity/zilla/specs/binding/http/streams/application/rfc7230/architecture/request.and.response/server.rpt,low,0
zilla,quality,SECURITY.md,high,6
zilla,quality,README.md,low,1
zilla,stakeholders,README.md,low,1
zilla,stakeholders,.github/CODE_OF_CONDUCT.md,very_low,-2
zilla,deployment,cloud/helm-chart/src/main/helm/zilla/README.md,medium,4
zilla,deployment,cloud/docker-image/src/main/docker/Dockerfile,medium,3
zilla,interface,examples/openapi.asyncapi.kakfa.proxy/compose.yaml,high,6
zilla,interface,examples/openapi.asyncapi.kakfa.proxy/etc/specs/http-openapi.yaml,high,6
zilla,evaluation,cloud/helm-chart/src/main/helm/zilla/templates/tests/test-connection.yaml,medium,3
zilla,evaluation,README.md,low,1
ztachip,arch_overview,README.md,high,7
ztachip,arch_overview,tools/ghdl/ghdl/lib/ghdl/vendors/README.md,high,7
ztachip,quality,Documentation/PortProcedure.md,low,0
ztachip,interface,README.md,low,1
ztachip,interface,micropython/MicropythonUserGuide.md,low,0
ztachip,evaluation,Documentation/HardwareDesign.md,low,0
ztachip,evaluation,Documentation/Overview.md,low,0
